apple_x,apple_y,apple_p
363.0904889,283.420467,0.999993503
363.1724257,283.4648503,0.999992728
363.1829309,283.4697037,0.999992549
363.1291954,283.4204094,0.999992609
363.0496245,283.3352964,0.99999249
363.0839188,283.3620862,0.999992371
363.0841032,283.3621976,0.999992371
363.0747341,283.3883638,0.999992073
363.1042206,283.3635118,0.999992251
363.6092052,283.4484813,0.99999249
363.6065717,283.4548578,0.999992549
363.6064596,283.4527965,0.999992549
363.0539477,283.4428795,0.999992311
363.5444202,283.4426808,0.999992669
363.5433993,283.4337977,0.999992728
363.5485034,283.4325814,0.999992788
363.4871278,283.3859453,0.999993324
363.4379654,283.5915851,0.999993801
363.4321618,283.607085,0.999993682
363.4357505,283.5908313,0.999993801
363.4445777,283.4096181,0.999993563
363.4769931,283.4481646,0.999993145
363.4754567,283.4520407,0.999993205
363.4776645,283.4534191,0.999993265
363.4218831,283.4467299,0.999993563
363.4346452,283.4507927,0.999993443
363.4312978,283.4598398,0.999993324
363.4448299,283.4531194,0.999993324
363.4675331,283.4239187,0.999993086
363.4510832,283.4662763,0.999992967
363.450367,283.4666696,0.999992967
363.4510016,283.4659765,0.999992907
363.4486885,283.5243176,0.999993384
363.4644384,283.5171901,0.999992847
363.4611068,283.5087227,0.999993086
363.4656949,283.5130436,0.999992967
363.444725,283.5085682,0.999993443
363.4680767,283.4978546,0.999993145
363.1290226,283.8911022,0.999994278
363.1100125,283.9685376,0.999994516
363.1065102,284.0232747,0.999994636
363.0822597,283.9599061,0.999994457
363.0475402,284.0158944,0.999994516
363.0599313,284.0128586,0.999994516
363.0607972,284.0555234,0.999994516
363.0706711,284.0407285,0.999994636
363.0891438,284.0137662,0.999994516
363.0957947,284.0083837,0.999994457
363.0594015,284.0012547,0.999994278
363.1015682,284.0010827,0.999994159
363.1915593,284.0689129,0.999993563
363.1716447,284.0830825,0.999993682
363.12009,284.1736578,0.999993384
363.0999155,284.3572794,0.999993563
363.2492614,284.3960884,0.999993682
363.2880044,284.1849303,0.999993682
363.2754698,284.4482807,0.99999398
363.370295,284.4951455,0.999993563
362.301181,284.4227853,0.999992311
362.2845365,284.5520554,0.999993205
362.3813412,284.397615,0.999990344
362.3749444,284.3964338,0.999990106
362.355545,284.3706393,0.999990821
362.2146897,284.4812651,0.999991596
363.1662703,284.9136285,0.999994099
363.1183262,285.1695054,0.999993622
362.5766978,285.4204345,0.999995828
361.9556994,284.9965417,0.999997258
361.4418211,284.8118848,0.999997973
361.3156252,284.4990557,0.999998331
361.034688,283.9383709,0.999998331
360.7254333,284.1273826,0.999998391
360.5530405,283.9045429,0.999998093
360.5893226,283.7728465,0.999997914
360.6506019,283.4686679,0.999997973
360.6735516,283.5110913,0.999997973
360.6558633,283.9669362,0.99999702
360.6507187,283.9533178,0.99999702
360.6346416,284.5700931,0.999997616
360.5390434,284.4086121,0.999997497
360.6939278,285.4177948,0.999997616
360.7089438,285.4410293,0.999997556
361.0737495,285.026706,0.999996603
360.9763303,285.040751,0.99999702
360.8427529,285.0550482,0.999997318
360.720118,284.9732193,0.999997258
360.4710422,284.8389608,0.999997497
360.3609948,284.8444808,0.999997497
360.3495302,285.0979942,0.999997377
360.6532717,285.1438966,0.999996901
360.7308798,285.3217485,0.999996543
360.633842,285.1827674,0.999996901
360.6293116,285.27377,0.999996603
360.6982751,285.4661789,0.999996662
360.5044661,284.8335432,0.999996603
360.287919,284.5938817,0.999996662
360.3309069,284.5354319,0.999996483
360.1634169,284.4770474,0.999996662
360.2884865,283.8377867,0.999995947
360.1752963,283.6601255,0.999995828
360.1392927,282.8717729,0.999996781
360.1880441,282.6385318,0.999996424
359.7630312,282.4263482,0.999997437
359.7262905,282.4069586,0.999997675
357.0498455,279.3609025,0.999999642
357.0535059,279.3597074,0.999999642
347.0891523,274.5809659,0.999998689
346.9681041,274.4806615,0.999998689
339.8714227,273.2113492,0.999999642
339.872591,273.2017179,0.999999702
334.3941157,270.8588705,0.999996781
334.3699117,270.8674765,0.999996841
325.4682187,267.7642874,0.999999404
325.4794819,267.7606181,0.999999404
286.0615268,226.6286722,0.061178029
286.9770253,228.0278566,0.098063678
341.9518659,277.0039071,6.43E-05
341.7237655,276.938291,0.000138998
341.7693387,276.9820228,0.000145257
341.737107,276.9091953,0.000158757
341.6516141,277.0698934,0.000152469
341.6963991,277.0742995,0.000144452
0.230312824,1.299275637,0.000283837
0.010028124,1.092737913,0.000319898
341.7027142,277.0479183,0.00011614
341.6891867,277.0365558,0.000128031
341.6886256,277.0010123,0.000122458
341.6818733,277.014603,0.000118613
341.6754124,276.9738641,0.000112087
341.636101,276.9851384,0.000118107
341.6232119,276.9621178,0.000125736
341.6348832,276.9181147,0.000127822
341.6572814,276.898636,0.000126898
341.6810601,276.8987269,0.000128686
341.6943622,276.8930609,0.000129938
341.6847705,276.8996365,0.000128835
341.7048661,276.8811266,0.000125557
341.7146946,276.9165744,0.000139922
341.7161616,276.9239239,0.000137955
341.6977751,276.9264896,0.000133574
341.701874,276.9085541,0.000129014
341.6753676,276.9688206,0.000132829
341.6797032,276.9693474,0.000143796
341.6299531,276.9334608,0.000123441
341.8645909,276.7777019,0.000121593
341.7734671,276.7706112,0.000126511
356.6521293,277.1430377,9.29E-05
356.7015236,277.1062059,8.71E-05
0.179660559,0.732621431,0.000197411
0.347213507,1.121737242,0.000123113
356.6462458,277.1033037,9.55E-05
356.638755,277.1035442,9.55E-05
356.6753572,277.1023004,8.89E-05
356.6539297,277.1077864,8.73E-05
356.6467353,277.1066288,8.76E-05
356.5607098,277.0970702,8.46E-05
357.0092751,276.8897102,8.13E-05
357.0435222,276.9332137,0.000103027
356.8672471,276.9610079,9.07E-05
356.9071918,276.9833607,8.24E-05
356.9716365,276.9351728,8.37E-05
341.9503483,276.2935316,8.98E-05
341.875494,276.2899863,8.12E-05
341.8663663,276.2824285,8.04E-05
341.8574895,276.2655992,7.30E-05
341.8513411,276.2196781,7.39E-05
341.8683381,276.2654516,8.43E-05
341.873906,276.2805142,7.27E-05
469.0895623,288.6035094,0.9943766
454.0364308,286.7565432,0.999973476
454.3665593,286.0996983,0.999962568
438.99224,285.2012467,0.999992847
439.1101308,285.1600351,0.999992609
425.1300464,284.5402294,0.999993145
424.944037,284.629918,0.999993622
412.1063039,285.35357,0.999991417
412.0178636,285.2801728,0.999990821
400.7848635,284.277785,0.999999166
400.6043847,284.633804,0.999998987
393.8693519,284.2041133,0.999993563
394.0192156,284.6862006,0.999994457
384.0241628,284.5604143,0.999998331
384.0430465,284.7360673,0.999998152
379.9718885,285.3135443,0.999995589
379.1221409,285.2946572,0.999996185
377.3670783,284.1018641,0.999994278
377.169384,283.5289729,0.999994874
372.5196545,283.479499,0.999998927
370.7829329,282.4189775,0.999998689
369.819633,282.3240275,0.999998569
369.081085,281.9745436,0.99999845
368.3833122,281.9668996,0.999998569
367.7569633,282.2611637,0.999997616
366.7599192,282.4256577,0.99999553
365.9712553,283.1042106,0.999988317
364.9401721,281.9897895,0.999986887
363.9696606,282.3632183,0.99998486
361.8016415,284.1139232,0.999991775
361.4277911,284.1685569,0.999994695
360.0164189,284.3681878,0.999997497
359.7762599,284.0290715,0.999997675
359.859817,284.1878487,0.999997616
359.7114406,284.0223618,0.999997735
359.8129954,284.2608782,0.999997735
359.3625176,283.2558267,0.999998331
358.6014256,283.3493816,0.999997854
358.6012027,283.3402916,0.999997854
358.3701062,282.9713962,0.999998033
358.3667932,282.9702363,0.999997973
358.5136104,283.3528427,0.999998271
358.5001407,283.4035226,0.999998271
358.5697355,283.0979936,0.999998569
357.7556615,282.8002728,0.999998987
357.6368085,284.6643423,0.999998987
357.5369051,284.672623,0.999998927
357.4793808,284.9116487,0.999998629
357.4451151,284.893389,0.999998689
357.3422494,284.4638605,0.999998689
357.3788773,284.5184214,0.999998629
357.6656005,284.6452296,0.99999845
357.7535241,284.7422194,0.99999845
357.8237205,282.287787,0.999997437
357.7981694,282.2712873,0.999997497
358.2187073,278.7066686,0.99999845
358.1955729,278.6198013,0.99999845
358.4446037,277.3600416,0.999999464
358.3931143,277.3444088,0.999999523
355.2237019,277.6489389,0.999999523
355.0544744,277.6863365,0.999999523
354.6090943,276.5470411,0.999999642
354.1542513,276.8676834,0.999999642
353.976167,276.2165053,0.999999702
353.8151536,276.2851751,0.999999702
353.5436461,276.213022,0.999999642
353.5146646,276.2038958,0.999999642
353.169394,277.5769544,0.999999583
353.3431847,279.4772689,0.999999285
353.3266392,279.4443443,0.999999225
353.4491129,280.0088458,0.999998927
353.7648044,280.2332344,0.999998808
351.3129997,281.3697586,0.999997675
352.7086091,277.9817846,0.999999166
352.6914344,277.9435313,0.999999166
352.6082692,277.0794029,0.999998927
352.6011086,277.0647805,0.999998927
351.8861322,273.1803322,0.999999225
351.8112206,273.1786733,0.999999166
347.2105385,270.5121965,0.999994636
347.2035118,270.4255238,0.999994516
344.5009203,269.9749343,0.99999547
344.5034933,269.9640558,0.99999547
337.4105499,266.8942173,0.999999106
338.044786,267.2306558,0.999999225
333.576077,265.3590918,0.999976158
333.5927629,265.367106,0.999977469
318.3564241,268.0346595,0.000110924
318.4506185,267.8615891,0.000162035
274.3457911,212.1742199,0.999987721
274.3325391,212.1758689,0.999988079
247.0608344,150.9736762,0.978253007
175.3427181,74.78634512,0.997003257
175.5456724,74.8942771,0.995453477
175.5037229,74.84131908,0.995337009
340.8892221,277.2557075,0.000215292
340.8417819,277.2409521,0.000192881
340.8388938,277.2055532,0.000211328
340.8379091,277.2048631,0.00021106
340.8341684,277.3272973,0.000190318
340.8352904,277.2624439,0.000200599
340.8442184,277.3342559,0.000199646
340.8455033,277.336942,0.000200123
340.8609385,277.3112953,0.00019902
340.8228058,277.25249,0.000211686
340.8572797,277.3113202,0.000207663
340.8569064,277.3118087,0.000207841
340.8744226,277.2806284,0.000206709
340.8762645,277.2366198,0.000214338
340.8865691,277.217346,0.000210375
340.8805715,277.2240217,0.000213593
340.870941,277.1720126,0.000200719
340.8747168,277.1936413,0.000207275
340.8891355,277.2080294,0.000213295
340.8892086,277.2105514,0.000213087
340.8482184,277.2500098,0.000204116
340.844221,277.2262517,0.000194997
-0.240161419,1.08950448,0.000232071
340.8400722,277.2351178,0.00023663
340.8348462,277.2465104,0.000231355
340.8300533,277.3215216,0.000207692
340.8424978,277.3404279,0.000249892
340.8249466,277.2951605,0.000256598
340.8220223,277.3408414,0.000303924
340.7799958,277.1901386,0.000317723
340.8224123,277.2073112,0.00032267
340.8319055,277.2010534,0.000319004
340.7766606,277.1886752,0.000299126
340.7203382,277.1555437,0.000338793
340.6694226,277.0854176,0.000284046
340.6911288,277.0394536,0.000301331
340.6797936,277.0558922,0.000336349
340.6691465,277.2685115,0.000301331
340.683435,277.1983894,0.000339419
340.688382,277.1983014,0.000345081
340.6777484,277.2070463,0.000348985
340.5846934,277.3028413,0.00031662
340.5923773,277.3236399,0.000333309
340.5942363,277.3252447,0.00033322
340.5884039,277.3460056,0.000326514
340.5945545,277.4164586,0.000311524
340.7384242,277.394514,0.000315517
340.6384575,277.3346943,0.000290334
342.4579329,278.191854,0.999999702
342.3754559,278.1003768,0.999999762
342.4310601,278.1322753,0.999999762
342.4623501,278.207458,0.999999762
342.5127008,278.2717488,0.999999642
342.4345236,278.146013,0.999999702
342.4226723,278.2419059,0.999999702
342.4037814,278.2099831,0.999999762
342.5246532,278.3350365,0.999999762
342.4435954,278.2143028,0.999999702
342.4888284,278.3648596,0.999999762
342.5048277,278.3456585,0.999999702
342.5120919,278.3510695,0.999999702
342.4210639,278.1499076,0.999999762
342.4582665,278.1709218,0.999999702
342.4896135,278.1765096,0.999999702
342.4941044,278.1784384,0.999999642
342.6010401,278.2624102,0.999999702
342.7880111,278.6074009,0.999999642
342.7875109,278.6278546,0.999999642
342.846329,278.6721592,0.999999642
343.3435237,279.2563143,0.999999583
343.3255873,279.280479,0.999999642
343.625989,279.5083141,0.999999046
343.6834531,279.4972811,0.999998927
344.3243389,279.6690454,0.999996245
344.4203563,279.9520028,0.999995232
344.5949006,279.8956993,0.999993801
344.7559514,279.85145,0.999993324
344.9723074,279.9055552,0.999994636
344.8841743,279.774328,0.999994636
345.1214747,280.6401453,0.999985218
344.7786734,280.3450532,0.999986529
344.3422894,279.7373848,0.999994397
344.3519387,279.6844907,0.999994695
344.400882,278.7181091,0.999989986
344.3967683,278.7258005,0.99998939
345.5932369,279.6028771,0.999975979
345.5871668,279.5652611,0.999976277
345.1329255,280.0589104,0.999960184
345.1305017,280.093482,0.999957561
345.140358,279.9680841,0.999981761
344.8953779,279.7652354,0.999983788
344.8843694,279.7442303,0.999984384
344.8675718,279.7361462,0.999985039
344.4914951,279.4002275,0.999995232
344.4246292,279.3778939,0.99999547
342.6971405,278.970644,0.999998808
342.585223,278.8887668,0.999998808
340.3047546,276.3189264,0.999999642
340.2858554,276.3152276,0.999999523
336.884217,274.8017526,0.999999285
336.7435043,274.5989435,0.999999285
335.0244718,273.7451191,0.99999547
335.0270295,273.7061336,0.99999553
327.9238331,273.1511655,0.999991536
327.7778618,273.6994925,0.999986291
317.2402821,272.710171,0.997845888
316.797432,272.5665307,0.999609768
305.0049586,264.0510266,0.999659181
305.0088294,264.0298374,0.999655724
246.334285,229.1206079,3.04E-05
246.2157562,229.0774536,1.78E-05
214.0707729,197.1054211,1.33E-05
229.9883243,211.2956043,1.27E-05
339.4391653,284.2958299,3.82E-05
341.0203164,277.6736957,0.000114709
341.0568912,277.5436416,0.000126213
341.033199,277.6209975,0.000125676
340.8889046,277.3490189,0.000149757
340.945759,277.3527018,0.000156283
340.98672,277.2942985,0.000151843
341.0088297,277.3527417,0.000156969
0.866654873,1.082326651,0.000164866
0.880156994,1.074742079,0.000167012
-0.428390026,0.59600544,0.000247061
-0.342881203,0.536757946,0.000254124
340.824049,277.1435951,0.000163734
340.8811173,277.2095016,0.000150174
340.8865708,277.2149725,0.000146478
340.8753046,277.2226555,0.000148267
340.8089024,277.1360122,0.000153273
340.8495128,277.2791799,0.000165045
340.8461683,277.2869658,0.000164479
340.8473504,277.2647976,0.000154912
340.8122476,277.188797,0.000152081
340.8569036,277.258545,0.00015685
410.9188929,283.0532473,0.99999094
404.8597329,282.3257004,0.999999523
404.7751247,282.3703843,0.999999523
399.9672098,282.449388,0.999999762
400.0267274,282.5044036,0.999999762
396.0184463,282.0496469,0.999996424
395.862409,282.0282726,0.999996424
389.5976514,282.428043,0.999999464
389.4306221,282.4472141,0.999999404
384.3061044,282.8665017,0.999999762
383.9288726,282.8135251,0.999999702
380.3984018,282.1942539,0.999997735
380.2246196,282.0855994,0.999997914
378.3179319,281.9427614,0.999997377
378.3114845,282.0808353,0.999996901
378.0545189,282.2952614,0.999995589
378.1672841,282.3196106,0.99999547
378.2622288,282.5322762,0.999995232
377.9965427,282.5214057,0.999995112
378.505936,282.6578741,0.999994755
378.5957503,282.653398,0.999995053
378.3744602,282.6215729,0.999994278
378.2578311,282.4083252,0.999994278
378.3322082,282.4023418,0.999994397
378.3316674,282.407542,0.999994636
378.397665,282.4465286,0.999994516
378.4796534,282.502028,0.999994278
378.4695921,282.6131279,0.999993086
378.5906544,282.6184639,0.999992311
378.1499496,282.8726484,0.999993801
377.9792233,282.8364043,0.999994636
377.9762344,282.7659283,0.999994457
377.8960185,282.672619,0.999994636
378.0281315,282.4984363,0.999994993
377.9374309,282.6489254,0.999995351
377.5247316,282.8086061,0.999995232
377.6462011,282.7615572,0.999994934
377.0697665,282.549156,0.99999547
376.9184904,282.5591223,0.999996066
376.9619784,282.7790844,0.999996781
376.915309,282.7145379,0.999996901
376.9091763,281.8987963,0.999996483
376.9055862,281.7083893,0.999996185
376.8704467,280.914463,0.999996185
376.9655337,281.9883499,0.999996126
377.2312593,281.9687769,0.999996543
376.924799,282.0987813,0.999997258
376.5327263,282.1193402,0.999997497
376.2024684,282.169717,0.999997973
375.3270199,280.759099,0.999998987
375.4349146,280.7300372,0.999998868
373.3087372,278.2273846,0.999999821
373.2721869,278.2320731,0.999999881
371.4315664,277.0240287,0.999999881
371.4305173,277.0220481,0.999999881
367.2942176,275.3751152,0.999999642
367.2711253,275.3620248,0.999999583
357.558973,271.0661306,0.999996126
357.3605766,271.1878562,0.999996185
343.188766,264.7655554,0.999997854
343.115802,264.8330388,0.999997854
315.2747741,244.8849298,0.999991238
315.479472,245.1129402,0.999989867
281.2479043,185.3596151,0.999956727
281.2674246,185.3823993,0.99995923
238.0730977,120.4303219,0.999302745
238.0027866,120.4301,0.999269724
161.8570151,51.68314096,0.999873042
161.863714,51.68756887,0.999867558
357.0081656,276.542871,9.60E-05
357.0345037,276.645907,9.62E-05
356.9358866,276.7858912,8.78E-05
356.9910899,276.7220466,8.96E-05
356.9797481,276.7321692,9.89E-05
364.48069,280.3810449,0.999998987
364.4977083,280.3296938,0.999998987
364.5052238,280.3381543,0.999999046
364.5063155,280.3429489,0.999998927
364.4978181,280.3109832,0.999998987
364.4739177,280.3018107,0.999998987
364.4752345,280.3067412,0.999998927
364.4899005,280.2910867,0.999999046
364.587413,280.2820544,0.999998927
364.5867038,280.3076758,0.999998927
364.5910892,280.3091884,0.999999046
364.5983379,280.3041911,0.999998987
364.6470155,280.2975297,0.999998987
364.3971497,280.2128558,0.999998868
364.4303031,280.1300125,0.999998689
364.3439465,280.1343923,0.999998569
364.0188361,280.3393745,0.999997377
363.9276307,280.3348641,0.999997497
363.9888024,280.5507522,0.999997377
363.9830536,280.5600777,0.999997377
364.1389722,280.818933,0.999998033
364.1180614,280.7923212,0.999997973
364.0561664,280.9332237,0.999998093
364.1177441,280.9112797,0.999998093
364.2641466,280.9505124,0.999997973
364.0449752,281.0243001,0.999997914
364.1383644,281.0975595,0.999997735
364.1789827,281.116291,0.999997795
363.9380237,280.8850532,0.999997973
363.8436505,280.925611,0.999997854
363.7746539,280.8065472,0.999997854
363.8048078,280.835628,0.999997795
363.9047619,280.7949328,0.999997795
363.8665845,280.8546596,0.999997616
364.0043819,281.3192878,0.999997139
364.17653,281.2529926,0.999997258
364.0201467,281.6076527,0.999996901
363.8178816,281.6092491,0.999996662
364.1972719,281.6880898,0.999995708
364.4832735,281.7819586,0.999996424
364.6314108,281.7635584,0.999996305
364.6167378,281.9482899,0.999995589
364.8659678,281.3539176,0.999997258
364.7552252,282.688563,0.99999547
365.3752933,282.2883756,0.999996781
365.3925571,282.2394406,0.999996781
364.5528879,279.7507713,0.999998569
364.6134505,279.754513,0.99999845
363.6734318,278.5266309,0.999999166
362.6947036,277.9335116,0.999999285
361.7663298,276.8914264,0.999999404
361.630496,276.4596847,0.999999404
359.2660139,275.6257865,0.999999583
358.7136221,275.452556,0.999999762
357.8015097,274.9835995,0.999999881
357.8162125,275.0909455,0.999999881
356.1263127,271.3719163,0.999999583
356.8995783,271.8585234,0.999999583
351.0883088,265.888298,0.99999851
351.1830049,265.98352,0.999998569
343.3168409,260.402795,0.999999523
343.3740313,260.3048764,0.999999523
337.4178159,257.9508419,0.999999642
337.5089779,257.9109008,0.999999702
320.9031305,245.4848436,0.999999642
320.8487134,245.3715726,0.999999642
308.6514184,214.0223949,0.999999225
295.5622628,167.2208958,0.999988556
295.9664686,170.4087749,0.999983549
295.9426286,170.4683756,0.999984682
261.4751257,94.72436333,0.999964535
261.5507231,94.68420935,0.999961138
212.7629882,29.02283549,0.999995232
212.7692687,29.0448612,0.999995232
356.580921,277.2351593,0.000266701
356.6043016,277.2538975,0.000263691
356.6717499,277.2128555,0.000225216
356.6807288,277.3266194,0.000219554
356.6784765,277.3464913,0.000218511
356.6925924,277.317458,0.000219285
356.6521984,277.3548946,0.000229418
356.625701,277.3386879,0.000223607
356.6281956,277.3386196,0.000224233
356.6293861,277.3443284,0.000224143
356.6241439,277.3192736,0.000225097
356.6413164,277.3628983,0.000225961
356.6370078,277.3634423,0.000228554
356.6397678,277.3641697,0.000227928
356.6260912,277.3783854,0.000229448
356.6254855,277.3880957,0.000235051
356.6286277,277.3832816,0.000233442
356.6249927,277.3875773,0.000231624
356.6254432,277.3727473,0.000229269
375.4284239,284.7379751,0.999998391
362.1436458,282.6894107,0.999991775
362.3415527,283.3966513,0.999994636
355.6264347,284.0214042,0.999999642
355.3502587,283.9924201,0.999999642
352.9916925,283.7366623,0.999999583
352.3966973,283.846469,0.999999464
352.088366,283.6880746,0.999999404
352.1124194,283.6515302,0.999999404
352.1116695,283.6493581,0.999999404
352.1094058,283.714289,0.999999404
352.1454163,283.5878414,0.999999404
352.0799711,283.7234153,0.999999404
352.0217516,283.7510058,0.999999404
352.0883052,283.7576187,0.999999404
352.043885,283.8420818,0.999999404
352.0967858,283.855175,0.999999344
352.0155489,283.9787196,0.999999404
352.0272343,283.9673233,0.999999404
352.53632,284.1525974,0.999999404
352.5133097,284.1568709,0.999999404
352.1924295,283.5142488,0.999999166
351.8856239,283.6159803,0.999998927
352.1532643,284.1792853,0.999998569
352.0448811,284.2470111,0.99999845
352.3740606,284.17897,0.999998391
352.2048426,283.8144083,0.999998212
352.8236234,284.5900931,0.999998569
352.7715707,284.7232999,0.99999845
353.0975223,285.4871324,0.999997377
353.1062508,285.4591389,0.999997377
352.7975245,285.1480259,0.999998212
352.7461712,285.1987075,0.999998152
353.3429258,284.897113,0.999998569
353.0653553,285.1942248,0.999997914
354.2565988,285.5944629,0.999998331
354.290066,285.6094847,0.999998271
353.8063955,284.6959922,0.999998689
353.1988206,284.1175646,0.999998569
353.2783165,283.864622,0.999999046
353.2503316,283.8289885,0.999998987
349.8628983,281.0238786,0.999991477
349.8820404,280.9815531,0.999991179
336.5671375,274.0731074,0.999999046
336.5468907,274.0990174,0.999999046
317.902945,268.7438225,0.999982297
317.9313645,268.7603424,0.999982297
299.4094089,259.2860212,0.999997795
299.4922181,259.2257293,0.999997735
262.7533607,213.4795951,0.811511993
262.7996459,213.7965598,0.741117954
341.4494398,290.0014485,7.93E-05
341.1004889,277.7088681,0.000108182
341.2405866,277.4903066,0.000120759
341.0332776,277.6231297,0.000156164
339.8850549,284.820842,0.000127882
340.87927,277.7102674,0.000147015
340.8528345,277.641234,0.000204623
340.8881362,277.8497634,0.000154078
340.8982137,277.818277,0.000152081
340.827297,277.7409217,0.000193298
340.8232383,277.3588766,0.000166267
340.7959864,277.1746024,0.000154316
340.6036943,277.1747011,0.000136912
340.6498858,276.9789549,0.000143796
340.7014708,277.2676091,0.000201881
351.5794649,282.5468988,0.999998868
348.7837815,283.1892228,0.99999404
348.7179222,283.173757,0.999993205
343.7997041,282.9463634,0.999996781
342.9458296,283.0651317,0.999997854
341.3103555,282.6782789,0.999999166
341.1484832,282.6436818,0.999999285
340.8012446,282.6236268,0.999999404
340.7148773,282.6335837,0.999999285
340.0734696,282.6041048,0.999999404
340.0113377,282.5797336,0.999999285
340.0532542,282.6972438,0.999999404
340.0568485,282.6972142,0.999999285
339.9398902,282.7577921,0.999999404
339.9670575,282.7474701,0.999999404
340.0518687,282.7358053,0.999999404
340.0554621,282.7537645,0.999999404
340.2034163,282.9682525,0.999999404
340.1547456,282.8377393,0.999999404
340.4758335,283.1712949,0.999999404
340.5393935,283.2391062,0.999999404
340.9763314,283.2765227,0.999999344
341.1820518,283.3758491,0.999999523
340.8927131,283.3578914,0.999999642
341.0448165,283.452953,0.999999642
341.3659755,283.4029687,0.999999523
340.9923299,283.3857594,0.999999583
341.3880469,283.2965094,0.999999464
341.3811122,283.3062307,0.999999404
340.9327069,282.3369863,0.999999404
340.9374992,282.3019542,0.999999404
341.2664794,283.2042792,0.999999642
341.1835111,283.1730899,0.999999583
340.9158288,283.1121139,0.999999523
340.7954074,282.6697444,0.999999464
341.2238364,282.2739208,0.999999285
341.0229018,282.5176604,0.999999344
341.5909675,281.9813313,0.999999404
341.1590884,281.5500686,0.999999404
341.1383389,281.2688255,0.999999523
341.1466084,281.2628922,0.999999464
340.1080415,279.9618795,0.999999821
340.1355089,279.8888116,0.999999762
326.7761881,273.3811786,0.999999404
326.7148011,273.4019091,0.999999464
321.7100325,271.5167131,0.999998093
321.6159811,271.9695988,0.999998808
319.1261048,269.6934566,0.999994874
319.1311793,269.7158673,0.999994755
313.0591049,267.6166792,0.999996483
313.0861993,267.5975789,0.999996543
298.6351943,259.5079228,0.999997973
298.6763638,259.5827248,0.999997735
266.1511251,224.992696,0.999972343
266.1595143,224.9864528,0.999972641
3.672377288,61.16316354,1.76E-05
3.724279791,61.22569418,2.04E-05
325.0328155,276.363384,2.31E-05
309.1882631,276.3444488,2.01E-05
309.1144211,276.0819124,2.35E-05
325.2524568,276.2302401,2.67E-05
1.707296133,2.16713202,0.000212222
1.461448193,2.086463809,0.000186473
-0.165977478,1.363183737,0.000179589
0.066597462,1.366775274,0.000180513
325.187022,276.5762476,3.36E-05
325.106321,276.7050609,4.94E-05
309.3488315,276.1520228,3.52E-05
325.5839827,276.8355017,3.35E-05
341.0696449,277.2191849,3.49E-05
325.4943407,276.874307,3.59E-05
325.5428784,276.7858665,4.46E-05
341.0304378,277.1078241,4.76E-05
325.4360127,276.6132385,6.54E-05
340.8966388,277.0151572,7.21E-05
340.8624758,277.0629692,7.13E-05
340.8605401,277.0419344,6.72E-05
325.3492451,276.6863714,6.24E-05
325.3014886,276.6825559,6.22E-05
325.3121967,276.7463579,6.01E-05
340.8070241,276.9769292,5.12E-05
340.8047306,277.0645304,4.86E-05
340.8068368,277.1038473,4.77E-05
340.8345785,277.1144021,4.83E-05
374.4094419,281.2845197,0.999999046
374.1037598,281.2668166,0.999999225
372.5239739,281.3998225,0.999999642
372.4686433,281.4090497,0.999999642
372.4090512,281.3725569,0.999999762
372.3696587,281.5858731,0.999999642
372.2929685,281.6027539,0.999999642
372.2919757,281.5927231,0.999999642
372.3496165,281.5334449,0.999999702
372.2856139,281.5726497,0.999999642
372.2218174,281.5888872,0.999999702
372.2148741,281.565201,0.999999762
372.2228879,281.6247079,0.999999702
371.3834516,281.5079815,0.999999762
370.1516819,281.3049409,0.999999762
369.7792401,281.3673944,0.999999762
367.0896907,281.2907321,0.999999225
366.1926346,280.931071,0.99999851
364.9057853,281.1436381,0.999998212
363.7879415,281.0395818,0.999998629
363.0143571,281.3519807,0.999998212
363.0997724,281.6075902,0.999997914
362.8558359,281.8264885,0.999997735
362.765129,281.8548498,0.999997675
362.9633995,281.8002887,0.999997258
363.0276725,281.7928185,0.999997377
362.6956179,281.7392955,0.999997258
362.8024683,281.5736456,0.999997735
362.7359923,281.4987044,0.999997854
362.691336,281.3772497,0.999997675
361.9750462,279.9795575,0.999999106
361.9975889,279.9679677,0.999999225
361.9951477,280.4928331,0.999998331
362.0191488,280.6534715,0.999997973
362.4453084,281.3530016,0.999996662
362.4063438,281.1903162,0.999996722
362.4373449,280.9662318,0.999996066
362.2364683,280.7947354,0.999996483
362.1641917,280.249856,0.999997854
362.1682045,280.2291312,0.999997854
360.3689866,279.7752762,0.999997973
360.3269591,279.8124473,0.999997973
357.3924199,277.2423658,0.999999821
357.5491803,277.3153385,0.999999762
351.968112,274.2586594,0.999999642
351.9133096,274.2516181,0.999999642
346.8098826,272.2158883,0.999998748
346.8526551,272.1146417,0.999998808
342.4603865,268.9987801,0.999999464
342.4915798,268.989099,0.999999523
333.9657979,264.5914466,0.999997139
334.0456276,264.5506074,0.999997258
310.7470274,240.9981256,0.99808383
310.6653638,240.9728405,0.99796319
281.9956965,183.4410276,0.999985576
281.7634144,183.4606469,0.999983072
261.6961071,133.0240771,0.999998569
261.6895837,133.1107152,0.999998569
226.5105824,71.45878315,0.999997735
226.5010247,71.4426012,0.999997616
169.4045091,8.734337807,0.999807715
169.409909,8.777267694,0.999815464
356.4679922,277.2955592,0.000155419
356.4673082,277.2912574,0.000156105
356.5111549,277.2493768,0.000162691
356.4395189,277.2592257,0.000114858
356.4188,277.2707735,0.000116229
356.3995546,277.2620109,0.000116915
356.4125653,277.3269541,0.000118554
356.419042,277.3023627,0.000116795
356.4248112,277.3369095,0.000121981
356.3990806,277.3075908,0.000120759
356.3961157,277.297702,0.00012958
356.4003366,277.2735552,0.000128448
356.3879248,277.3339422,0.000136614
356.3757176,277.334191,0.000133604
356.3634624,277.3364471,0.000140399
356.3814631,277.2789079,0.000143021
356.3608652,277.2895509,0.000138164
356.3722939,277.2856398,0.000136852
356.3909768,277.2886323,0.000133038
356.3759943,277.282421,0.000127286
356.3858441,277.32549,0.000124931
356.3899272,277.3284215,0.000128329
356.4213139,277.3184161,0.000129849
356.4073906,277.3522668,0.000135452
356.3974741,277.3302342,0.000125766
356.3997761,277.3271314,0.000125736
-0.289647579,1.274558783,0.000242978
-0.2727561,1.26377964,0.000238448
356.4568255,277.2827544,0.000134289
356.4456018,277.2801759,0.000138074
356.4730736,277.2893507,0.000145495
356.4678807,277.3109801,0.000138909
356.459141,277.2909693,0.000131309
356.4445355,277.3385155,0.000143051
356.4398056,277.3314371,0.000143379
356.4293372,277.3158779,0.000136286
356.4332545,277.2770898,0.000139326
356.4238472,277.3070966,0.000142574
356.4128197,277.3418612,0.00015384
356.3830476,277.2810535,0.000142008
356.3712173,277.3086909,0.000144482
356.3679526,277.3285748,0.000150442
356.372996,277.3353689,0.000151485
356.3488734,277.3943735,0.00016135
356.3495859,277.3700979,0.000169814
356.3471158,277.3652277,0.000168592
356.374964,277.356867,0.000161588
356.3531539,277.3366508,0.000156403
356.3360604,277.3061332,0.000154346
356.3421799,277.3407333,0.00015673
422.2982709,280.7013845,0.999999046
422.3013701,280.6744819,0.999999046
421.2845268,281.5845892,0.999999285
421.1145535,280.4295716,0.999999404
420.3516139,281.2042329,0.999999464
417.6077313,280.7792904,0.999999642
417.5895433,280.9028323,0.999999583
413.7159677,280.6996365,0.99999702
413.5725298,280.9517348,0.999997258
411.0713618,280.6419725,0.999998391
411.0167672,280.6276979,0.999998331
407.3137558,280.7147079,0.999998808
407.2263522,280.6335282,0.999998808
399.5148778,280.895452,0.999999583
399.4643135,280.9276104,0.999999642
395.7983202,280.7588372,0.999998927
395.8489882,280.8001933,0.999998808
392.8412735,281.0341568,0.999997616
392.9411912,281.0720382,0.999997377
391.1262264,281.2572875,0.999999046
390.6171505,281.1233444,0.999999285
389.8149588,280.9718285,0.999999523
389.5417306,280.9820156,0.999999523
387.6606486,281.36991,0.999999762
387.2847269,281.0833054,0.999999762
383.125546,281.2064269,0.999999285
383.2122707,281.5189767,0.999999404
379.9709204,280.922339,0.999998987
379.8183692,280.7087765,0.999999046
375.8103883,280.6249886,0.999998927
375.5796964,280.609385,0.999998927
371.479554,279.9937432,0.999999642
371.1596075,279.9441617,0.999999642
365.9916,280.0796599,0.999998689
365.5176219,280.0372286,0.999998927
365.0066733,279.930542,0.999998689
364.8458016,280.2955408,0.999998689
364.623816,280.461947,0.999998569
364.4284846,280.4256496,0.999998629
364.1047518,280.4165773,0.999998748
363.792483,280.5195918,0.999998808
362.8734843,280.8674593,0.999998212
362.6675402,280.8128705,0.999998212
360.3972054,280.8324656,0.999997377
360.2613459,280.7719874,0.999998033
357.9611528,280.2935014,0.999999464
357.831234,280.2058496,0.999999523
355.8570174,280.39908,0.999999702
355.4139786,280.0912595,0.999999702
353.9166617,280.0842066,0.999999642
353.8966193,280.0517316,0.999999642
351.8973465,279.4768307,0.999999523
351.9125109,279.437001,0.999999464
351.3075376,278.7994993,0.999999225
351.253324,278.8304722,0.999999166
351.0674367,278.2921875,0.999999285
350.9930878,278.2996018,0.999999285
348.1409775,276.8190149,0.999998927
348.2455874,276.7580352,0.999999046
347.4743005,272.0610566,0.999999046
347.519684,271.9376774,0.999999046
342.6234848,271.6851437,0.999998271
342.6686633,271.7129121,0.999998331
332.7593235,270.5808547,0.999573588
332.7310928,270.5950284,0.999572217
247.3014908,228.8087062,0.000123054
247.3278711,228.6969525,0.000128567
230.3828461,212.6701102,2.30E-05
229.9007815,212.6593534,1.46E-05
230.0995195,194.7693224,0.045588553
230.1200867,194.7992281,0.044302255
348.6660275,284.8408349,0.000129044
348.6286988,284.7200829,0.000133634
341.0515467,277.4798224,8.32E-05
341.0581374,277.5397441,8.63E-05
341.0382082,277.3913716,8.96E-05
341.0393398,277.3983946,8.88E-05
2.076930404,0.769073248,9.58E-05
1.962111712,0.836340904,9.38E-05
0.13531518,1.581063271,0.00026387
0.563126564,1.632179022,0.000283957
341.0430261,277.3208107,8.65E-05
341.0322185,277.2987146,8.16E-05
341.0008333,277.2632812,8.58E-05
341.0097539,277.2763287,8.44E-05
341.0416038,277.2274753,7.52E-05
418.3121322,284.843604,0.999999642
418.3943264,284.7944469,0.999999642
413.8053899,285.0739557,0.999997377
413.7573614,284.9799821,0.999997377
410.6852355,285.4190463,0.999994874
410.672101,285.4833761,0.999994993
405.311308,285.1070887,0.999999523
405.3504795,285.0276178,0.999999583
399.3089619,284.7823751,0.999999285
399.2912755,284.7708412,0.999999225
393.9579773,285.4058273,0.999996781
393.9166288,285.0299175,0.999996543
385.8284996,284.5670633,0.999999762
385.7324936,284.6826791,0.999999762
378.9845655,284.5888381,0.999995172
378.9688871,284.6167388,0.999995351
374.2077711,284.8303814,0.999999464
374.172924,284.8101135,0.999999523
368.472048,284.7619385,0.999999642
367.8192987,284.7067652,0.999999642
363.5911715,284.3628097,0.999994159
363.5469086,284.4778371,0.999995172
362.5694242,285.072202,0.999996543
361.710906,285.3285264,0.999997854
359.8197012,285.2649622,0.999999046
359.2844889,285.2453917,0.999999225
358.637742,285.2905508,0.999999404
358.2934873,285.3117876,0.999999464
357.5317707,285.1910191,0.999999642
357.4643005,285.1610417,0.999999642
356.2325029,284.8233248,0.999999762
356.0910572,284.8728268,0.999999762
355.2261128,284.6699585,0.999999821
355.237083,284.6214502,0.999999821
354.451304,283.891792,0.999999821
354.3899201,283.875575,0.999999762
353.9982035,283.9879269,0.999999762
353.9253585,283.9915684,0.999999762
354.3254925,283.355013,0.999999642
354.3610936,283.2889053,0.999999702
353.4381783,284.0564992,0.999999523
353.6622832,284.1742358,0.999999464
353.6724501,284.0857577,0.999999523
353.584862,284.1101226,0.999999523
353.6915429,283.4403433,0.999999583
353.5063694,283.5006678,0.999999642
353.0566359,283.4458379,0.999999464
352.9239414,282.7865618,0.999999583
351.9192529,282.765222,0.999999523
351.4138422,282.7321659,0.999999166
350.9398513,282.3529882,0.999999046
350.5007215,282.4156286,0.999998569
350.3781419,282.2514944,0.999998689
350.2514734,282.1315763,0.99999845
346.9263914,279.1529503,0.999999404
346.890274,279.1247542,0.999999404
341.8328599,276.2673422,0.999999821
341.7272474,276.2513612,0.999999821
338.6968104,274.0328584,0.999999762
338.6392151,274.0495986,0.999999881
331.350948,269.3805294,0.999998152
331.3970808,269.4134641,0.999998212
320.6229773,261.1031727,0.999999464
320.6869025,261.1764748,0.999999464
308.122687,236.3117927,0.999999046
308.0859203,236.235725,0.999999046
297.9663696,210.395281,0.999997377
298.0976804,210.3985875,0.999997616
272.9199095,156.4961331,0.999997914
272.9065573,156.5193777,0.999997735
231.5238562,100.1600335,0.99999845
231.7050209,100.2774585,0.999998629
164.3580455,41.83150077,0.999998927
164.3487157,41.83368516,0.999998927
92.63199812,2.185898304,0.933051109
92.75604564,2.070584893,0.902600229
1.430411339,1.779558897,0.000100762
1.376436234,1.771357059,0.000101388
0.085810184,1.904677391,7.67E-05
0.104799986,1.874093294,7.86E-05
0.2863307,1.520510674,0.000116646
0.411575317,1.722295761,0.000106782
341.3477433,290.4213092,6.41E-05
341.3284676,290.3713139,7.55E-05
341.3435676,290.4346212,7.27E-05
341.3325181,290.4413866,7.23E-05
341.3410016,290.4258096,7.87E-05
341.357128,290.3794336,6.41E-05
341.3680801,290.3784108,6.07E-05
341.321934,290.3722618,6.44E-05
341.3079829,290.371073,6.49E-05
341.3249996,290.3490952,6.94E-05
341.336481,290.3710785,6.90E-05
372.4523754,282.1258415,0.999999762
372.2731918,281.8949108,0.999999642
369.3691018,281.3905485,0.999999762
368.7725797,281.583379,0.999999642
368.9803147,281.3882287,0.999999702
368.7743199,281.4476433,0.999999642
368.480442,281.3699412,0.999999583
367.3739657,281.4529204,0.999999464
365.3962753,281.0834346,0.999997914
364.5928068,281.1236401,0.999998331
363.7007151,281.3675437,0.999997675
362.8639909,281.4965048,0.999997139
362.1176453,281.8797212,0.999995351
361.2560782,282.6143242,0.999996126
359.4662948,282.2293785,0.999998689
359.3123517,282.2520475,0.999998808
359.5174332,282.4552858,0.999998987
359.3429317,282.4339393,0.999999046
359.188509,282.8145087,0.999998987
359.1480567,282.7653949,0.999998808
359.3868327,282.9558673,0.999998748
359.3720171,282.9685746,0.999998748
358.9094191,282.8174151,0.999998808
358.9609756,282.7515559,0.999998689
359.0353045,283.1404138,0.999998927
359.1214571,282.6008193,0.999998927
359.0568061,282.5147429,0.99999845
359.068661,282.6114228,0.99999845
357.822023,282.1772213,0.999999285
357.8193212,282.1843504,0.999999285
357.959424,282.6245135,0.999999166
358.0648646,282.6100756,0.999999166
358.1587396,282.9652781,0.999999404
358.1654522,282.9739428,0.999999404
358.1033463,282.9816494,0.999999404
357.9748013,282.6545527,0.999999404
358.6046419,282.6349421,0.999999046
358.5937853,282.519224,0.999999046
359.3475504,281.1926208,0.999999046
359.3288631,281.2026696,0.999999046
358.5526695,280.876214,0.999999166
358.6840611,280.7380276,0.999999225
351.1701536,273.9270074,0.999997318
351.2668228,273.8191209,0.999997854
344.0407581,272.7594776,0.999880672
344.0798945,273.1451559,0.999932647
340.1816675,273.0260746,0.996608973
340.2176899,273.0694144,0.995508194
331.140142,267.0591178,0.999329925
331.191222,267.0768632,0.999377668
310.3568482,257.2188718,0.917213202
310.2971175,257.4437783,0.894364119
285.765435,202.9283918,0.991128922
285.7639378,202.864162,0.990419745
341.6708772,290.6398156,7.65E-05
341.6775315,290.5603117,8.50E-05
209.791528,87.19170737,0.292384177
209.8419986,87.1124599,0.295166194
341.7509805,276.9675477,0.00012216
341.7986443,276.9664187,9.78E-05
341.8102341,276.8647189,8.50E-05
341.7515709,276.8821782,9.43E-05
0.115204811,1.20607233,0.00038746
0.085975885,1.353626251,0.000401646
341.7140734,276.7404514,7.77E-05
341.7113571,276.744196,7.81E-05
341.6773894,276.7833986,9.12E-05
341.6638955,276.7439299,8.35E-05
341.6598898,276.7376185,8.39E-05
341.6501209,276.754234,8.68E-05
341.5934308,276.6920362,8.75E-05
341.631995,276.6600991,8.49E-05
341.6279799,276.6556637,8.52E-05
341.63126,276.6646571,9.01E-05
341.5403323,276.6797442,8.93E-05
341.566758,276.6186399,7.98E-05
341.5659833,276.6236016,7.94E-05
341.5657841,276.6227251,7.94E-05
341.6002612,276.5904856,7.33E-05
341.609553,276.5194374,7.52E-05
-0.018770218,1.542125702,0.000273108
0.089173079,1.604406595,0.000279963
341.5770779,276.512338,7.86E-05
341.5730098,276.6750191,7.56E-05
341.5724603,276.6777802,7.52E-05
341.5767423,276.6912253,7.51E-05
341.563206,276.7014894,8.00E-05
341.5506405,276.670459,7.95E-05
341.5502845,276.6679887,7.97E-05
341.5430176,276.6626143,7.92E-05
341.5277199,276.6477423,8.00E-05
341.5302113,276.6257453,8.37E-05
341.5397636,276.5891898,8.34E-05
341.5253769,276.6055989,8.35E-05
341.576507,276.6412377,7.70E-05
341.5579441,276.6931388,7.55E-05
341.5613166,276.6969795,7.54E-05
341.5572249,276.7041065,7.56E-05
341.539728,276.6928335,7.58E-05
341.5606382,276.6919453,7.33E-05
341.5577992,276.7037564,7.36E-05
341.5609679,276.7040845,7.23E-05
341.5254244,276.7152969,8.06E-05
341.5226911,276.6457059,8.59E-05
399.9715328,283.0552993,0.999999762
399.7206955,282.6422945,0.999999762
395.6521727,281.9212427,0.999997139
395.7073102,281.9613671,0.999997258
389.829827,282.4065232,0.999999285
389.5516554,282.2551633,0.999999285
385.645097,281.9638977,0.999999821
385.5661373,281.9545114,0.999999762
380.7385417,281.2348452,0.99999845
380.5569893,281.1368985,0.999998569
375.7589383,281.8210747,0.99999845
375.764221,281.8334537,0.99999845
369.624994,281.5268512,0.999999762
368.885833,281.4443586,0.999999762
363.8545006,280.6849499,0.999998987
363.209262,280.6093426,0.999998808
361.0384688,280.9033918,0.999997497
360.702004,280.9838343,0.99999702
359.8287201,281.1810408,0.999997973
359.7264328,281.4405613,0.999997854
358.1813445,281.3326802,0.999999106
357.7283074,281.3253794,0.999999285
357.4534034,281.3004673,0.999999404
357.1680694,281.3940303,0.999999404
355.7532678,281.4774425,0.999999762
355.6581856,281.414499,0.999999762
354.1575509,281.8115559,0.999999821
353.9470017,281.8675961,0.999999881
353.9581363,281.9928856,0.999999821
353.9447181,282.014447,0.999999881
354.3085122,282.0893631,0.999999762
354.2874631,282.0942428,0.999999821
354.5275978,282.2444216,0.999999762
354.3259825,282.2140207,0.999999762
354.3401196,282.101993,0.999999762
354.2313553,282.12657,0.999999762
353.9478703,282.1996248,0.999999762
353.3909981,282.4263769,0.999999762
352.3097134,282.1217439,0.999999642
352.3523781,282.0288215,0.999999642
351.309792,282.2010777,0.999999285
351.3397636,282.1592697,0.999999166
350.0891094,281.5134716,0.999997318
350.1472392,281.4091165,0.99999696
350.3118141,281.0925283,0.999997139
349.8743566,281.090414,0.999997139
350.0029612,280.7375617,0.999994874
349.8559911,280.7545986,0.999994814
348.2610493,279.9522159,0.999996781
348.1689834,279.9525113,0.99999702
344.7267029,278.8750935,0.999992847
344.7892313,278.9275436,0.999992967
339.8023544,276.9708152,0.999999762
339.9996537,277.0320532,0.999999762
332.8696225,274.1839807,0.999997854
332.6420575,274.2416871,0.999997973
328.2412648,272.4923556,0.999995351
328.0955396,272.4848688,0.999995112
327.4963858,271.4885578,0.999997139
327.3933382,271.770227,0.999997377
325.3826026,269.8292985,0.999999285
325.424502,269.7797455,0.999999225
322.646107,269.5645889,0.999999285
322.6233373,269.5875236,0.999999285
318.1990428,268.8039482,0.999989331
318.1776824,268.7610954,0.999989986
311.7452939,266.2598046,0.99999702
311.8635936,265.7617536,0.999997735
282.9094689,244.9125563,0.999967754
283.1287487,244.9342462,0.999976993
272.0425549,223.7834435,4.24E-05
272.0180459,223.8240445,4.33E-05
230.3771956,180.5311506,4.70E-05
230.4512968,180.6653897,6.03E-05
325.5209292,290.7439902,3.75E-05
325.5940864,290.8047363,4.18E-05
325.7049879,290.8046712,5.84E-05
325.5962553,290.8372501,4.88E-05
325.6632354,290.8439189,4.62E-05
325.6604342,290.8069793,4.60E-05
-0.086798668,0.446185827,0.000334054
-0.010445118,0.597635984,0.000311553
325.5512248,290.8364427,4.85E-05
325.5580814,276.6449651,3.24E-05
366.582273,279.9555583,0.999998689
364.1623796,280.2585111,0.999999046
363.9155959,280.1551852,0.999998987
360.564445,280.8581266,0.999997377
360.4221878,280.4252019,0.999997377
356.5324884,280.6016893,0.999999642
355.6877369,280.6845593,0.999999702
354.3218416,280.8007972,0.999999821
354.3501652,280.8020024,0.999999762
354.2524989,280.6947231,0.999999762
354.0393004,280.559196,0.999999762
354.2380439,280.7360582,0.999999762
354.0304885,280.7998869,0.999999702
353.8783362,280.8591259,0.999999762
353.6237659,280.85232,0.999999702
353.6023779,280.9675319,0.999999762
353.6052763,280.9757454,0.999999762
354.2602059,281.2787092,0.999999583
354.0614079,281.3042748,0.999999642
354.2442311,281.4928427,0.999999523
354.1493964,281.507165,0.999999523
354.0885243,281.5367591,0.999999642
354.3886654,281.6622431,0.999999642
354.5379635,281.5610831,0.999999702
354.3384446,281.5768237,0.999999642
354.6799817,281.714406,0.999999762
354.6426171,281.6802027,0.999999762
353.6729114,281.2724993,0.999999762
353.4621282,281.179486,0.999999642
354.320401,281.4159527,0.999999762
354.3189301,281.4142258,0.999999762
354.090464,281.1845036,0.999999583
354.4378613,280.1496482,0.999999523
354.7370888,279.807498,0.999999642
354.8431041,279.7343936,0.999999642
354.5850081,279.4748228,0.999999762
354.5689275,279.4614387,0.999999702
353.3398738,278.3302588,0.999999821
353.4784765,278.4120934,0.999999762
346.8628961,275.7569574,0.999999404
347.0194342,275.8239315,0.999999523
339.4142975,272.2972813,0.999999642
339.2047467,272.4287694,0.999999642
332.7654042,271.8869443,0.999999166
332.713644,272.0373244,0.999999166
326.8865378,267.6528831,0.999999464
327.154388,267.3069515,0.999999404
313.1388502,260.6980718,0.999996662
313.082459,260.591817,0.999996662
288.3584282,219.3647651,0.999975443
288.5765529,219.4946582,0.999981225
268.2496348,176.8575809,0.999996006
268.3332171,176.8168178,0.999996066
234.9252713,117.3946414,0.999983907
234.9469423,117.5438288,0.99998188
173.8767453,49.65315342,0.999969006
174.2509518,49.83184862,0.999963641
118.0440044,2.628256321,0.906088948
118.1570709,3.783891678,0.973763704
0.976985693,2.091274738,8.98E-05
1.085960388,2.044149995,0.000103116
-0.216650009,1.015200138,0.000205517
-0.257965565,0.963767767,0.000215352
341.3475791,276.5655954,3.91E-05
341.3481263,276.5869868,3.73E-05
341.2821273,276.660809,3.59E-05
341.4589671,276.7301273,4.57E-05
341.469372,276.7526482,4.53E-05
341.4727057,276.7663098,4.93E-05
341.4771144,276.7697994,4.91E-05
341.483997,276.7597607,4.88E-05
341.4898475,276.7597877,4.77E-05
341.4832306,276.7323661,4.76E-05
341.4795219,276.7268519,4.75E-05
341.4765625,276.7399459,4.52E-05
341.4891312,276.7231624,4.16E-05
508.41376,339.3517578,4.70E-05
508.4428461,339.3721802,4.88E-05
508.436858,339.0459133,8.81E-05
0.142181635,1.284091949,0.000177443
-0.047692299,1.361149549,0.000165284
0.536738873,1.099928379,0.000227094
0.490160465,0.902057648,0.000192732
508.42262,339.2279272,6.38E-05
508.4211231,339.2276728,6.40E-05
340.3064071,284.2842973,3.75E-05
340.3472789,284.3424741,5.05E-05
341.6055458,277.1437302,5.13E-05
340.3006599,284.2709499,4.53E-05
340.2790507,284.3135444,4.80E-05
340.3561037,284.3364865,4.64E-05
340.2350685,284.3154476,4.81E-05
340.2709931,284.365257,4.37E-05
374.8973756,279.4421594,0.999999642
366.5164514,279.0808263,0.999999344
366.3268952,279.0694523,0.999999166
361.6862884,279.6034989,0.999999404
361.2289715,279.3549292,0.999999225
357.1640377,279.4433014,0.999999762
357.0969299,279.2445235,0.999999762
353.0675607,279.9194343,0.999999642
353.0395949,279.8947711,0.999999642
352.7828505,279.8405015,0.999999642
352.4507344,279.8258283,0.999999642
352.3692834,279.8443592,0.999999523
352.3037014,279.7489407,0.999999642
352.2841334,279.8266544,0.999999583
352.2474756,279.8506351,0.999999583
352.2586634,279.9171028,0.999999404
352.2867777,279.9562531,0.999999523
352.0751438,280.0052462,0.999999404
352.0232222,280.0096369,0.999999404
351.578434,280.6178048,0.999999464
351.5808067,280.6010222,0.999999344
351.7107449,280.7846255,0.999999285
352.0050457,280.8080127,0.999999344
352.013612,280.8682647,0.999999285
352.2458053,280.7971301,0.999999285
352.6277766,280.1748939,0.999999404
352.3754618,280.3089504,0.999999285
352.2353265,280.2164927,0.999999285
352.2436185,280.1816154,0.999999285
351.7780824,279.0444849,0.999999523
351.7349553,279.1992719,0.999999523
351.9388337,278.9505703,0.999999642
351.9508047,278.9519308,0.999999642
352.4740355,279.0047848,0.999999702
352.4700584,279.0103555,0.999999702
352.7285056,279.0141044,0.999999762
353.0854807,277.8431114,0.999999762
351.7209535,277.1905814,0.999999523
351.6872621,277.1865764,0.999999642
350.7230825,277.1377834,0.999998927
349.1555924,276.9453959,0.999998808
348.393191,276.1575879,0.999999166
348.2465785,276.0847431,0.999999046
344.28736,272.1425335,0.99999547
344.9200215,271.9832692,0.999996066
342.9821241,270.0679693,0.999999166
342.4880793,269.8961582,0.999999225
340.5641959,268.7782425,0.999999702
340.6378438,268.8057123,0.999999702
335.1319404,267.5103221,0.999998927
335.2129354,267.5358705,0.999999046
328.6227865,265.0890646,0.999994934
328.7136722,265.184639,0.999995351
320.4762263,262.441227,0.999999523
320.4987712,262.4748094,0.999999523
298.4742805,241.6202154,0.999994338
298.0113153,241.2437973,0.999991596
276.1975363,209.8029709,0.999998212
276.2426218,209.7898436,0.999998212
276.2392856,209.7515216,0.999998331
254.6005321,165.0512298,0.999998212
209.2565539,99.77493466,0.999936223
209.3145676,99.86523385,0.999940217
135.633167,21.60137272,0.974130571
135.9954276,21.96050692,0.951614499
341.122721,277.1250367,7.20E-05
341.0562789,277.2449796,7.83E-05
-0.013860703,0.960262775,0.000211567
-0.256065845,1.142760515,0.000220299
340.9843225,277.2576462,7.64E-05
340.9789773,277.2912095,8.06E-05
340.9176643,277.2071719,8.09E-05
341.0054677,277.22375,7.47E-05
340.8778833,277.2702804,7.32E-05
340.9849467,277.1918306,7.43E-05
341.0369316,277.1688814,7.00E-05
341.0455151,277.1617335,7.35E-05
341.0097586,277.141006,7.57E-05
340.9667081,277.1692076,7.93E-05
340.9565076,277.1270251,8.13E-05
340.9482625,277.131768,8.14E-05
340.9597632,277.136007,8.00E-05
340.9324653,277.1854842,8.65E-05
340.9389095,277.1891263,8.52E-05
340.9378367,277.1815785,8.48E-05
341.0386837,277.1697927,8.34E-05
341.0811216,277.1913086,7.61E-05
341.0581018,277.1334217,7.34E-05
341.0499837,277.1633286,7.09E-05
341.0705621,277.1973461,6.79E-05
341.0628841,277.1694338,6.65E-05
341.0504661,277.1451542,6.70E-05
341.0342132,277.0829298,6.93E-05
341.2064147,277.011892,5.33E-05
371.3519753,285.3973869,0.999999762
371.3632965,285.3859394,0.999999762
371.3210818,285.4514867,0.999999762
371.3658944,285.3964322,0.999999762
371.3160652,285.3552524,0.999999821
371.3019734,285.3702796,0.999999821
371.327504,285.3292686,0.999999762
371.1977036,285.2992411,0.999999762
371.2158166,285.259303,0.999999821
370.8943039,285.0249424,0.999999762
370.7949158,285.0113654,0.999999762
370.4876099,284.9120926,0.999999762
370.2863702,284.9858827,0.999999762
369.2611971,284.823651,0.999999762
367.9251208,284.9894266,0.999999404
367.2768569,284.9025404,0.999999166
366.3266544,285.2347802,0.999997973
365.7845354,284.9067126,0.999996662
364.7309996,284.8394647,0.999995947
364.3937783,284.8700933,0.999996066
363.6919234,285.6574435,0.999997139
363.583234,285.7340288,0.999997079
363.8033063,285.6990561,0.999996662
363.9113364,285.5638008,0.999996841
363.6916914,285.8158712,0.999996781
363.6767026,285.6601887,0.999996424
363.741677,285.5271635,0.999995828
363.7598508,285.5696554,0.999996305
363.7237623,285.5598359,0.999996662
363.7643591,285.4833298,0.999996543
363.8210217,285.7570324,0.999997735
363.8079141,285.7351322,0.999997735
363.7024887,285.7182493,0.999997973
363.6541434,285.7560439,0.999998093
363.5898193,285.2212744,0.999997497
363.6148361,285.2628441,0.999997556
363.4757458,285.2218018,0.999996781
363.5195591,285.2732377,0.999996781
363.5779903,285.6896415,0.999997616
363.5522094,285.6956668,0.999997556
363.5344311,286.164258,0.999997139
363.3920039,286.1584172,0.999996901
363.5124199,284.7916865,0.999991059
363.3119439,284.6795893,0.999988317
364.0152412,283.7159947,0.99998939
364.0901945,283.764277,0.999989331
363.3259519,281.4865456,0.999997735
363.3445665,281.5506821,0.999997616
358.4019339,280.4686728,0.999999285
358.4410553,280.5655231,0.999999166
349.4710325,274.4992809,0.999999046
348.6139289,274.7205541,0.999999285
348.2514725,274.6710415,0.999999285
348.2282267,274.6628128,0.999999404
345.6854327,272.6479344,0.999999166
345.5700195,272.6924968,0.999999106
340.794763,268.8480237,0.999999523
340.8305074,268.8579987,0.999999523
331.6020251,264.2640333,0.999984622
331.0504558,264.2019873,0.999978423
309.8654943,234.3838012,0.999997675
309.8484035,234.2747085,0.999997616
298.6569816,195.9042806,0.999996543
298.7155896,195.9309103,0.999996483
283.1377646,157.3299832,0.999966502
283.2007664,157.3916316,0.999971151
246.0440795,91.99467885,0.999994278
245.9024478,91.91904343,0.999994278
181.2733912,35.06202757,0.999743223
180.9066079,34.53880537,0.9997558
341.4986293,276.602515,5.40E-05
341.4716274,276.5835393,5.28E-05
1.019682646,2.362538457,5.75E-05
1.075633764,1.986529112,7.18E-05
0.465926409,1.362480879,0.000100821
0.588615656,1.23325491,9.18E-05
341.4694812,276.7622208,5.44E-05
341.4593781,276.6402751,4.63E-05
341.5007271,276.7065037,5.05E-05
341.4570736,276.6296882,4.73E-05
341.4593998,276.6642727,4.54E-05
341.4380171,276.6262829,3.98E-05
-0.044575691,1.915431738,5.50E-05
341.4832356,276.7236078,5.37E-05
341.4961604,276.75135,5.56E-05
341.4786485,276.7049013,5.23E-05
341.5150087,276.7331537,5.52E-05
341.4681486,276.6742888,4.48E-05
341.4382379,276.7027994,4.78E-05
341.426669,276.6659732,4.68E-05
341.4228594,276.6273075,4.40E-05
341.4092852,276.7023972,4.46E-05
341.4063133,276.685635,4.74E-05
341.4050499,276.6954724,4.95E-05
341.4008707,276.7472694,4.93E-05
341.4065017,276.7539072,4.57E-05
356.6043352,277.3602901,4.66E-05
356.5957761,277.353122,4.62E-05
356.5920383,277.3217015,4.87E-05
356.6324794,277.377104,4.91E-05
-0.233715057,1.091827631,0.000145882
-0.126097679,1.04584837,0.000177473
0.769813061,1.593649626,0.000544161
0.82480526,1.620403528,0.000528455
1.704556465,0.451295137,0.000223994
1.373028755,0.414447308,0.000222057
341.4548335,276.7441259,6.24E-05
341.5107778,276.8090214,5.77E-05
341.4868249,276.7968867,5.58E-05
341.4924603,276.8021449,5.59E-05
341.5084673,276.8397073,5.17E-05
341.4727719,276.8460773,5.02E-05
341.4469376,276.8438883,5.07E-05
341.4725192,276.8585322,5.42E-05
341.4285253,276.8239424,5.49E-05
341.421988,276.8171135,6.60E-05
341.4381256,276.8019903,6.38E-05
341.4813426,276.7799821,6.18E-05
341.4171306,276.816011,6.78E-05
356.5255045,277.2973524,5.08E-05
356.5505219,277.293704,5.33E-05
356.5698192,277.3305904,5.90E-05
341.3482953,276.8296577,5.86E-05
341.3329947,276.7980995,6.18E-05
341.3279525,276.7819286,5.84E-05
341.3257569,276.7898658,5.82E-05
341.2812126,276.789054,6.46E-05
341.2476988,276.7604966,6.79E-05
341.28071,276.7428746,6.99E-05
341.2975403,276.7395939,7.04E-05
507.735353,339.1184683,0.00051266
507.8665122,339.1953399,0.000370651
507.7163834,338.6358418,0.000778437
507.9452618,338.218389,0.000351399
513.236125,335.2868707,0.000915706
513.237721,335.5179379,0.001040846
513.2282858,335.5181777,0.001068324
513.1833711,335.553673,0.001078039
513.2279205,335.4686162,0.001090169
513.1828628,335.5530558,0.000996053
513.118217,335.2472117,0.00176242
513.0053763,335.2194548,0.002084732
512.9208927,335.4358351,0.001814872
513.1636162,335.1338539,0.001560986
513.0181494,334.2875857,0.003738612
513.1130443,334.8711455,0.002093673
513.6972623,335.5499158,0.000320762
513.8283744,335.9263954,9.50E-05
341.428208,276.6900421,7.24E-05
341.4413313,276.6953089,7.27E-05
341.4628583,276.7212995,6.97E-05
341.4526922,276.7185919,7.53E-05
341.4819332,276.7183843,7.45E-05
374.914151,282.195128,0.999998629
374.88045,282.1154881,0.999998808
374.6432009,282.1344771,0.999998748
371.412145,281.3004036,0.999999642
371.1949455,281.2513762,0.999999642
366.0220146,281.6138902,0.999998927
366.0690389,281.6633549,0.999999046
366.1405492,281.4368429,0.999999046
360.4692864,282.2311925,0.999996662
355.3787621,281.6494272,0.999999762
354.9527948,281.5064464,0.999999702
349.6368537,282.0651761,0.999998331
349.4003701,282.0600331,0.999998331
347.7966597,281.6005802,0.999997795
347.2819443,281.5291996,0.999997854
346.410107,281.7112412,0.999996841
345.9534419,281.7846575,0.999996305
345.1877341,282.3141123,0.999995947
344.949399,282.4384276,0.999996185
345.0799837,282.5122457,0.99999547
345.0454993,282.5392324,0.999995589
345.1045732,282.6662446,0.999996543
345.0680628,282.7153146,0.999996662
344.7417092,283.1920952,0.999996483
344.8280444,283.2471618,0.999996603
345.2830367,283.1771852,0.999997139
344.9316006,282.9840454,0.999997377
345.8143396,282.9659532,0.999996662
345.6156006,283.0291418,0.999996781
345.2815952,282.4883183,0.999996483
345.2969546,282.4428729,0.999996305
345.2446723,282.4721652,0.999996424
344.9350305,282.143086,0.999996781
344.7438865,282.2511493,0.999996543
344.7872915,282.170493,0.999996424
345.0232034,282.1885234,0.999995589
344.8049188,282.3270346,0.999996364
345.3780222,283.5080239,0.999996185
345.4337549,283.5702286,0.999996185
345.5759625,283.1124499,0.999995708
345.4160953,282.8012154,0.999996066
345.2326484,281.4077482,0.99999404
345.2246456,281.1413512,0.999994814
344.2855182,279.774364,0.999999285
344.1594529,279.6390197,0.999999404
341.0135906,274.7487247,0.999999881
340.952558,274.7652658,0.999999821
337.0106833,272.2524219,0.999999404
337.1282032,272.2809973,0.999999523
333.5216365,269.9218541,0.999995589
333.1745422,269.7028284,0.999995589
330.3006372,267.9061669,0.999988854
330.3118768,267.8855337,0.999988794
324.4795757,266.3660254,0.999999583
324.4706068,266.3582904,0.999999523
324.472471,266.3609077,0.999999642
312.0861983,261.0706279,0.999998927
285.6665337,229.4523926,0.999992311
285.7156206,229.5029746,0.999991775
262.0036354,186.5527382,0.999997258
261.7866722,186.4186091,0.999996901
234.0008427,131.5447212,0.999998927
234.0561792,131.4724637,0.999998987
196.1187476,70.07028151,0.999999464
196.1266588,70.06166673,0.999999464
142.8862488,17.65150785,0.019628942
142.1390498,1.70140028,0.001545519
341.1623,290.1234227,4.79E-05
341.1634141,290.1226354,4.79E-05
0.412635565,1.644366741,8.81E-05
0.502564907,1.6350348,9.19E-05
341.1712079,290.1772559,4.52E-05
341.1809293,290.1682562,4.60E-05
341.1341896,290.1618038,5.11E-05
341.1781867,290.1858371,4.52E-05
341.1679343,290.1444213,4.91E-05
341.175438,290.1346728,4.87E-05
341.174473,290.1346788,4.85E-05
341.1822112,290.1648433,4.35E-05
341.1713488,290.1347439,4.80E-05
341.0666374,290.1321754,4.49E-05
372.3790759,280.5251083,0.999999702
369.2010887,280.7749538,0.999999821
368.1182199,280.4222884,0.999999642
365.4780307,279.9558561,0.999999166
365.1167969,279.9874434,0.999999046
364.5143357,279.96492,0.999999225
364.1635461,280.0386429,0.999999166
363.6441734,280.108676,0.999999285
363.7101092,280.1995282,0.999999225
363.5111238,280.1669044,0.999999285
363.3970609,280.2903275,0.999999225
363.1359235,280.3025255,0.999999344
361.8024249,280.9353108,0.999997735
358.4949234,281.2489424,0.999999046
357.6139383,281.0601735,0.999999404
355.3750494,281.2962053,0.999999762
354.6420895,281.4232306,0.999999762
354.6523041,281.7993996,0.999999762
354.6615995,281.783365,0.999999762
354.6102796,281.9251673,0.999999762
354.7987798,281.8947592,0.999999762
354.0336049,281.8175781,0.999999762
354.0440381,281.803875,0.999999702
354.1628772,281.5627418,0.999999762
354.2007154,281.5964429,0.999999762
353.5786679,281.1843865,0.999999702
353.5522742,281.2302375,0.999999642
353.6050477,281.194962,0.999999642
353.573014,281.157711,0.999999642
354.408017,281.2126415,0.999999762
354.41816,281.0891612,0.999999762
354.6578697,280.9486132,0.999999762
354.8800626,280.3636355,0.999999762
354.3507992,280.7339065,0.999999821
354.4134737,280.7902739,0.999999762
354.4109287,280.7980111,0.999999762
353.3738656,279.0834689,0.999999762
348.3553302,275.751778,0.999999285
348.2780392,275.7067988,0.999999404
342.438839,271.8909488,0.999998569
342.4357696,271.8214893,0.999998569
337.7641881,271.1518466,0.999998569
337.7666531,271.1359651,0.999998569
329.9675837,267.6184331,0.999994636
329.9709387,267.6278703,0.999994576
310.7955503,258.9957323,0.999998927
310.8149385,258.9836917,0.999998808
283.4415558,212.4034968,0.99999249
283.4341565,212.518676,0.999992728
256.5319021,158.6350088,0.999917626
257.0766358,158.5697489,0.999891818
220.8203049,92.76911783,0.999786794
221.0207173,92.87544823,0.999829888
166.8409305,35.20597076,0.196188301
166.719744,35.23982245,0.130432874
341.2233081,276.7959473,4.97E-05
341.2053427,276.82744,5.08E-05
341.221282,276.7928525,5.31E-05
341.1989673,276.7973185,6.35E-05
341.2099371,276.8061119,6.35E-05
0.026341677,1.987298965,6.60E-05
341.2308044,276.835074,6.32E-05
341.2190973,276.8653861,6.21E-05
341.216418,276.8376622,6.59E-05
341.1510596,276.7665197,5.42E-05
341.3200449,276.9200025,5.63E-05
341.3098184,276.8633324,5.77E-05
341.323419,276.8549383,6.35E-05
341.3318198,276.8460237,6.27E-05
341.2814909,276.8195277,5.99E-05
341.3058549,276.8992373,7.06E-05
341.2723436,276.8689107,7.28E-05
341.3141629,276.8783808,7.25E-05
341.4403874,276.8220145,7.82E-05
341.4404898,276.8098204,7.40E-05
341.4420351,276.7752538,7.54E-05
341.4310193,276.7947584,7.44E-05
341.4092866,276.8073053,7.84E-05
341.3864017,276.8317425,7.60E-05
407.6262758,280.2352753,0.999998987
407.6537881,280.1814198,0.999998927
407.6426587,280.2120442,0.999998927
407.6398673,280.0993638,0.999998927
407.6075027,280.1123624,0.999998987
407.6465778,280.1159687,0.999998987
407.6239617,280.2382202,0.999998927
407.4802053,280.0439973,0.999999046
407.4305406,280.0388274,0.999999166
407.4510136,280.0684376,0.999999166
405.6982026,279.6960731,0.999999642
404.5360381,279.5355411,0.999999762
403.5989445,279.7535884,0.999999762
403.6150119,279.6746535,0.999999762
399.1023846,279.5249314,0.999999225
397.7983009,279.3118212,0.999998927
396.5200557,279.7896252,0.999999285
396.4982482,279.7327902,0.999999285
395.5355787,279.9170043,0.999999404
395.3111768,279.9373047,0.999999404
395.2014257,279.9383624,0.999999404
394.9712932,280.0514565,0.999999344
394.5245273,280.2156658,0.999999046
394.0435481,280.2858138,0.999998808
391.8692627,280.435451,0.999999046
391.809756,280.4736319,0.999999166
391.7839327,280.4538331,0.999999166
386.5110973,280.5317478,0.999999404
377.4749908,281.254132,0.99999553
377.4712095,281.2558546,0.99999547
368.1883304,281.2267246,0.999999285
368.1760416,281.180521,0.999999285
363.3982759,280.5511832,0.999998927
363.1034452,280.4177747,0.999998927
362.5851169,279.8856349,0.999999046
362.8674809,279.7712493,0.999999225
363.0228779,279.6938436,0.999999166
362.990594,279.6538875,0.999999225
365.781804,278.7233956,0.999998927
365.7342776,278.7346454,0.999998927
365.8764021,279.0258586,0.999998748
365.9809459,279.0829515,0.999998748
367.0199509,278.9085066,0.999998927
366.979413,279.1348603,0.999998927
366.8855906,278.9599226,0.999999046
367.1188908,278.859694,0.999999106
367.0807285,278.4657443,0.999999523
367.1441541,278.5038478,0.999999404
367.0688477,279.2270517,0.999999046
367.0983324,279.2959683,0.999999046
367.1041198,279.2928369,0.999999046
367.0224991,278.8534174,0.999999225
367.0407128,278.623292,0.999999166
366.9969711,278.7422652,0.999999166
365.0767698,278.9413035,0.999998987
365.1526045,279.1286626,0.999998927
365.6789318,278.9660056,0.999998689
366.6480746,279.0449035,0.999998808
365.4154843,279.8140228,0.99999851
365.4264594,279.8365471,0.99999845
365.536357,279.1586692,0.999998748
365.1495076,278.9622405,0.999998927
363.2963503,277.6366915,0.999999285
363.3335254,277.6493912,0.999999344
354.536616,274.0624741,0.999999762
354.5549643,274.0506632,0.999999762
342.398385,266.4163308,0.999999166
342.3589742,266.4133697,0.999999046
329.7368028,261.1908914,0.999996305
329.7986958,261.0996802,0.999996305
294.0578496,219.7520805,0.999859452
294.081444,219.6872544,0.999833941
263.8892031,166.1713233,0.999983668
263.4803145,165.7828939,0.999984741
263.5821319,165.8739799,0.999985099
225.8787394,101.0466121,0.998475134
155.7612624,22.08510399,0.992284775
156.269255,22.20556593,0.991449833
356.5341588,277.1396136,5.44E-05
356.5602716,277.0137675,5.51E-05
1.034448624,2.320371032,8.05E-05
1.060723066,2.361730814,8.62E-05
356.4211654,277.1080036,7.98E-05
356.3835067,277.1637166,6.92E-05
356.3899437,277.2367597,6.87E-05
356.4146689,277.2579219,7.10E-05
356.4299023,277.2542621,7.97E-05
356.3355353,277.2771077,8.21E-05
356.3662044,277.2416182,7.61E-05
356.3936887,277.1957419,7.13E-05
356.4724717,277.2855718,7.83E-05
391.4899523,281.5018306,0.999997497
391.4507127,281.4658718,0.999997735
388.8592694,281.4308815,0.999999046
388.6904884,281.1848841,0.999999166
388.6634413,281.16433,0.999999225
388.092349,281.1878996,0.999999404
387.0194348,280.9642248,0.999999642
386.3947788,280.7778671,0.999999583
384.2428131,281.3131132,0.999999404
384.2005546,281.1876578,0.999999344
381.2470708,280.6099668,0.999998331
381.0550965,280.8975086,0.999998331
380.6746703,280.9595823,0.999998331
380.3690645,280.9737763,0.99999851
380.2346892,281.2304635,0.999998331
380.0568226,281.1772895,0.999998212
379.9918993,281.2637596,0.999998093
379.8919499,281.3353076,0.999997973
379.804018,281.3325276,0.999997616
379.1374387,281.3389559,0.999997497
378.6777954,281.3315129,0.999997556
378.0893009,281.3454318,0.999996543
377.7644341,281.5095868,0.999995172
377.048456,281.400423,0.999994397
376.6507468,281.4374526,0.999994993
375.9704101,281.3278923,0.999996424
373.9014626,281.2448988,0.999998331
373.8417385,281.2835226,0.99999845
373.4980749,281.2598112,0.999998689
373.3175763,281.3428028,0.999998569
373.2756387,281.4700832,0.999998689
373.2827207,281.3665159,0.99999851
373.1645089,281.5448592,0.999998987
373.2284569,281.46767,0.999998987
373.5018793,281.3530185,0.999999046
373.5369099,281.4597187,0.999999166
373.1892847,280.3816562,0.999999285
373.2919056,280.332253,0.999999404
373.4122427,281.1419487,0.999999344
373.5028189,281.189544,0.999999285
373.3351582,280.5988231,0.999999285
373.5392611,281.2331238,0.999999285
373.3425493,280.0434723,0.999999523
373.7251408,280.0645399,0.999999523
373.4450263,280.1937127,0.999999404
373.3991988,280.2853556,0.999999404
373.3947545,280.394928,0.999999285
373.2321107,280.4548006,0.999999404
373.1777399,280.9118629,0.999999404
373.0101457,280.9162545,0.999999404
372.9285824,280.7703791,0.999999285
372.7599841,280.5699682,0.999999285
372.7315452,280.2965946,0.999999404
372.4429151,280.2088728,0.999999404
372.556362,280.1704993,0.999999464
372.4550754,280.0773726,0.999999404
372.2993657,280.0361733,0.999999523
372.2057759,279.9928801,0.999999523
372.1217066,279.6759696,0.999999642
372.0071318,279.6481788,0.999999642
371.7212806,279.3915086,0.999999762
371.7351045,279.3825016,0.999999762
369.692277,278.2561383,0.999999881
369.5492685,278.0745106,0.999999881
366.4100013,275.9260636,0.999999166
366.3822575,275.9621752,0.999999166
361.2841806,273.3751945,0.99999845
361.3092442,273.3923578,0.99999845
357.8902718,270.3320353,0.999999762
357.8138475,270.2370989,0.999999821
354.9906189,269.3293754,0.999999881
355.0293921,269.1431665,0.999999881
354.9262623,268.8937306,0.999999881
354.1621883,269.0170566,0.999999881
350.9656792,268.1003335,0.999999404
350.7971859,268.0547901,0.999999285
350.7247877,268.0178332,0.999999285
349.5789113,267.1233194,0.999998331
346.0058125,264.5745521,0.999998569
346.0061076,264.5906825,0.999998689
337.5515487,256.6036332,0.999999702
337.9144146,256.6614404,0.999999762
324.6668431,235.0955155,0.999999046
324.5553937,235.0312656,0.999998808
311.7377057,198.5292301,0.999998093
311.6903751,198.4876649,0.999998093
305.2973835,173.9102408,0.999997616
305.3552134,174.1098652,0.999997735
297.6911278,137.7846627,0.999985218
297.6049757,137.8653545,0.999982834
273.3233984,89.21676302,0.999998927
273.3509073,89.28341556,0.999998987
232.8394432,43.8083055,0.999993026
233.0068202,43.54640299,0.999989629
171.9514352,-1.053398132,0.000655323
165.713177,-1.73157835,0.000550091
356.734278,277.0497262,5.67E-05
356.7271695,277.0413951,5.93E-05
1.565848351,2.522651196,0.000164151
1.570182085,2.536768198,0.000151157
1.582051754,2.575454354,0.000144899
356.6977624,276.9746565,5.61E-05
356.7173026,276.9018386,5.67E-05
356.7182682,276.9197441,6.30E-05
356.7229414,276.8907808,5.26E-05
356.7277181,276.9220785,5.67E-05
356.7184475,276.9167278,5.67E-05
356.7359164,276.887958,5.32E-05
356.762616,276.9606509,5.90E-05
356.7497616,276.8983524,4.50E-05
356.8150811,276.8069913,4.64E-05
356.9484619,276.9082999,4.54E-05
356.9495826,276.837524,3.28E-05
357.1952375,276.6202325,3.63E-05
357.3387901,276.4641291,4.54E-05
339.5959287,280.2970424,0.999999762
339.6612994,280.2076845,0.999999762
339.4918129,280.3051357,0.999999762
339.4923924,280.3031816,0.999999821
339.5158266,280.3242054,0.999999762
339.4124045,280.1908698,0.999999762
339.5683536,280.3030648,0.999999762
339.60153,280.3083262,0.999999762
339.5211314,280.2867618,0.999999762
339.7002583,281.0157955,0.999999821
339.6247104,280.3921556,0.999999762
339.8570929,281.0989726,0.999999762
339.6220155,281.0461321,0.999999762
339.8040152,281.2060945,0.999999762
339.9204528,281.136023,0.999999881
340.3481906,281.4757657,0.999999762
340.1682928,281.4424982,0.999999762
340.3345119,281.4294786,0.999999762
340.2623606,281.4418876,0.999999821
340.6217785,281.4647002,0.999999762
340.3938737,281.7629213,0.999999762
340.7816705,281.8268795,0.999999583
340.7712038,281.6684041,0.999999523
340.3896255,281.2910328,0.999999404
340.280077,281.265255,0.999999404
340.2861051,281.254777,0.999999404
340.281282,281.1902554,0.999999523
340.2756353,280.7058549,0.999999404
340.3125029,280.6108737,0.999999404
340.3027788,280.2771006,0.999999523
340.2194386,280.1999044,0.999999464
340.5721694,280.6790318,0.999999404
340.2164293,281.4248524,0.999999404
340.7923306,280.283895,0.999999285
340.8789678,280.2350702,0.999999285
341.0868825,279.4930291,0.999999464
340.6776203,278.9637339,0.999999583
337.7573223,277.825518,0.999999523
337.7307341,277.82121,0.999999523
335.0699921,274.1275338,0.999998331
335.0442581,274.1549683,0.999998212
332.319696,272.2479393,0.999996603
332.3592608,272.2233469,0.999996662
329.4785161,271.6945748,0.999996662
329.4431233,271.7015896,0.999996424
328.1868725,270.0358171,0.999996901
327.9468746,269.4520894,0.999997675
325.537582,268.690638,0.999999404
325.3917925,268.5103774,0.999999285
325.3409981,268.4179902,0.999999285
324.1766692,268.1376397,0.999999464
323.6844742,268.200883,0.999999404
318.5386424,268.8085198,0.999977112
294.9381509,259.6840409,0.00165993
294.518738,259.0269691,0.000198454
262.4902892,229.1408694,4.91E-05
269.146435,236.8243288,0.000334531
278.4669864,180.9107646,0.000533372
278.752172,180.9472713,0.000485301
340.9757299,277.2098742,4.35E-05
340.9628329,277.1125729,4.32E-05
341.0039272,276.954526,4.79E-05
340.9865196,276.9094619,5.67E-05
340.923371,276.9398444,5.62E-05
340.9758934,277.0208597,5.99E-05
-0.486340046,0.984621286,0.000221461
-0.471627235,1.10277319,0.000183284
340.9930931,276.963813,5.64E-05
341.0127954,276.936873,5.81E-05
341.0104983,276.9416205,5.75E-05
341.0297295,276.8866094,4.68E-05
341.0198783,276.8427895,5.09E-05
341.0293856,276.8835382,5.58E-05
341.0285684,276.8840186,5.58E-05
341.0397849,276.8358972,5.05E-05
341.0479742,276.8614427,5.00E-05
341.0730045,276.8421509,5.66E-05
341.0742446,276.8560383,5.55E-05
341.0787838,276.7924563,5.50E-05
341.0373269,276.8217319,5.46E-05
340.9585516,276.7655854,4.63E-05
340.961976,276.7476333,4.30E-05
341.0098207,276.7512792,4.23E-05
341.0036216,276.7134324,4.83E-05
366.1366057,276.741749,0.999998391
370.2239401,277.4555395,0.999998212
344.8079455,277.7531019,0.999998808
344.7170796,277.6349788,0.999998808
323.0085037,277.6839209,0.999999046
317.8749408,276.8192852,0.999998808
314.9089915,277.2546358,0.999999285
314.9135226,277.2572758,0.999999285
314.7379979,277.2086297,0.999999166
314.7657814,277.0912807,0.999999225
314.7457856,277.0567811,0.999999166
314.8128358,277.1298906,0.999999285
314.8308146,277.0835729,0.999999285
314.7949569,277.0897186,0.999999225
314.8085016,277.1020057,0.999999285
314.8233603,277.1144943,0.999999166
314.7969713,277.09232,0.999999106
314.7964977,277.0602221,0.999999285
314.9345334,277.1272588,0.999999166
314.9115772,277.1739745,0.999999166
314.8275701,277.2144082,0.999999166
314.7119815,277.1363488,0.999999166
314.7529298,277.2849076,0.999999046
314.7356273,277.2893751,0.999999046
314.6410203,277.34894,0.999998808
314.5237994,277.382599,0.999998689
314.8868498,277.6062163,0.999998331
315.039901,277.5654818,0.99999845
314.8680893,277.820706,0.999998331
314.9941247,277.7760439,0.99999845
316.5337092,278.2137997,0.99999845
316.3974824,278.2479663,0.99999845
321.9404364,278.8859499,0.999999285
322.044258,278.9732769,0.999999225
325.1538699,279.4530892,0.999999106
325.0485231,279.5573378,0.999999046
328.6910543,277.5891651,0.999999046
328.7450919,277.607695,0.999998987
328.7139878,277.4197992,0.999998987
328.3504529,278.2445359,0.999999285
328.4666085,278.1874871,0.999999166
328.7480526,278.3191633,0.999999285
328.7465467,278.4162607,0.999999285
328.8200865,278.395241,0.999999285
328.4819121,278.3522999,0.999999404
328.1672268,278.3607287,0.999999583
326.358475,278.919637,0.999999702
326.4230905,279.018188,0.999999762
322.3593286,276.4963393,0.999999881
322.0788456,276.2582054,0.999999821
316.6164908,270.8215923,0.999996781
316.6256669,270.7042141,0.999996662
311.2660899,266.9262719,0.999998331
311.1250885,266.8527198,0.99999845
300.5745369,259.0216945,0.999996781
300.6729512,259.0528788,0.999996781
288.1714041,230.6563227,0.999981523
288.1307611,230.6814754,0.999979973
275.7712107,186.4219254,0.999999464
276.1147809,186.7132995,0.999999404
257.6284499,151.2536283,0.999999285
257.6400659,151.2938116,0.999999344
257.6284859,151.2509344,0.999999285
241.1137996,120.8800004,0.999998927
241.0666258,120.8775334,0.999998808
217.5443368,88.79008579,0.99999845
217.446348,88.61456156,0.99999845
324.9738556,276.8561838,9.86E-05
324.9130135,276.6797335,9.53E-05
324.9106514,276.6689721,9.20E-05
324.9391364,276.7082339,9.59E-05
324.9131486,276.6427427,8.81E-05
69.61983585,116.1347757,0.000785381
69.54364097,115.906462,0.000160486
1.195703506,2.416035891,9.21E-05
1.130834579,2.448095202,8.50E-05
0.451426983,1.599103451,0.000428617
0.372838259,1.622694254,0.000312775
324.853777,276.6331764,8.42E-05
324.866285,276.6598446,8.04E-05
324.8889408,276.6809869,8.27E-05
324.8738076,276.6858881,8.63E-05
324.8842001,276.6325343,7.98E-05
324.8610646,276.6445442,7.82E-05
324.8239907,276.7595658,7.72E-05
324.7968567,276.7389451,8.20E-05
324.8002363,276.7401807,8.19E-05
324.7489077,276.6648706,7.80E-05
324.7582454,276.7046529,8.34E-05
324.6788298,276.683778,8.79E-05
324.7099913,276.6532615,0.000104517
324.681789,276.6646085,0.000106126
324.6574522,276.6879256,0.000101507
324.6159645,276.7549523,9.26E-05
324.6058162,276.7695659,9.53E-05
324.6686933,276.7138217,8.83E-05
324.6765186,276.7901952,9.35E-05
324.7514136,276.7986404,8.74E-05
0.421495199,1.628859043,0.000115097
0.532868624,1.515314102,0.000137001
385.6797612,284.0950437,0.999999762
385.6271636,284.2316762,0.999999762
377.2167253,284.2183308,0.999997616
376.8646851,283.7706117,0.999997973
376.6199784,284.0491086,0.999998391
370.111866,282.7655818,0.999999762
370.0146345,282.8369501,0.999999702
366.2313609,283.3225601,0.999998093
364.181565,281.9595723,0.999997258
364.2375005,281.7638149,0.999997437
364.0561251,282.1043897,0.99999702
364.0739594,282.0232759,0.999997139
364.1662304,281.9400148,0.999997377
364.1461268,282.0537415,0.99999702
363.9267559,282.0067077,0.999997139
363.9098678,282.2278976,0.999996483
363.9470782,282.2303376,0.999996543
364.0275318,282.2602787,0.999996305
364.0144529,282.4686847,0.999995649
363.9881741,282.3445792,0.999995947
364.0790966,282.425437,0.999995589
364.2954734,282.6191163,0.999994636
364.2377663,282.4853349,0.999996543
364.3501044,282.5816903,0.999995828
364.3825065,282.5174127,0.999996066
364.7073575,282.9984188,0.999992728
364.5060821,283.7451319,0.999988675
364.5123577,283.7256632,0.999988675
364.5546389,283.6726851,0.999989033
364.6281787,283.2632136,0.999988317
364.0922518,283.6026329,0.999988258
364.6006778,282.8375058,0.999992967
364.5226893,283.5332943,0.999992251
364.7666949,283.133523,0.999992311
364.7323582,283.0135374,0.999993026
364.6441481,282.72826,0.999993563
364.7465325,282.6929345,0.99999547
364.6459733,282.6804943,0.999995589
364.7239997,282.6787467,0.999995232
364.6682447,283.1266651,0.999993324
364.2144289,283.2588483,0.999994874
364.2885246,283.3095441,0.999994457
364.7701912,283.8607768,0.999996185
364.5935831,283.8806015,0.999994993
364.7047005,283.8759354,0.999995351
364.851676,284.0630095,0.999995768
364.5775328,283.8220538,0.999992371
364.3941197,284.1074644,0.999991834
364.3943946,284.1007853,0.999991536
364.7523,280.6564107,0.999997914
365.0043149,280.6387677,0.999998212
364.9125468,280.5689411,0.999998331
364.9553258,280.6403856,0.999998212
362.8325044,279.1571765,0.999999404
362.9233588,279.1708715,0.999999285
361.233083,278.6132412,0.999998987
355.5310844,272.1580553,0.999999881
355.1706948,271.969697,0.999999821
350.3318353,265.3214755,0.999998331
350.123003,265.1842024,0.999997973
341.4871993,256.3682542,0.999999583
341.4697348,256.3560295,0.999999523
326.2171144,239.837821,0.999997854
326.2227397,239.5467091,0.999997258
307.3026837,219.9807492,0.999998271
307.3792663,220.1629507,0.99999845
289.108449,211.3225347,0.999999523
288.9000981,211.2822401,0.999999523
275.9670059,205.1577808,0.999996901
275.9172504,205.3362153,0.999996901
273.8005693,203.3211961,0.999997973
273.8109956,203.3683245,0.999997973
272.5789707,193.308655,0.999997914
272.5744021,193.3264408,0.999997973
274.2628312,176.4707496,0.999999285
274.2290019,176.5145299,0.999999285
274.2124789,176.3951807,0.999999225
275.5074833,162.745623,0.999999642
275.5589838,162.7948076,0.999999642
267.9982633,143.6504436,0.999998093
250.9364263,119.0490444,0.999998808
250.8806287,119.0209031,0.999998689
220.5089374,86.87885952,0.999999642
220.6502969,86.59233999,0.999999762
178.7866458,52.67738044,0.99999994
178.9066921,52.99306172,0.999999881
128.8516405,19.67705253,0.999998748
128.6788213,19.59723702,0.999998093
341.9043118,275.6309925,8.77E-05
341.8787141,275.6023635,9.30E-05
341.8896582,275.6423416,8.61E-05
341.8829968,275.6382877,8.67E-05
341.9282357,275.5905951,8.20E-05
341.8728811,275.6181981,8.24E-05
341.8774195,275.6293911,8.05E-05
341.8770767,275.6266816,8.27E-05
341.878132,275.6734024,8.36E-05
360.7527204,278.9202824,0.999997795
360.7485108,278.8997424,0.999997735
360.7587843,278.8739369,0.999997735
360.6776061,278.8125193,0.999997854
360.5444179,278.8665118,0.999998033
360.5362744,278.856807,0.999998093
360.5015597,278.800662,0.999998093
360.5114498,278.8126161,0.999998152
360.5954347,278.9648068,0.999998093
360.5886893,278.9602647,0.999998033
360.586514,278.9708028,0.999998033
360.6896553,278.8973734,0.999997735
360.6911035,278.7907109,0.999997973
360.5323896,278.7722521,0.999998093
360.5392804,278.7818844,0.999998093
360.0909269,279.369952,0.999997497
360.7714596,278.8582454,0.999997735
360.0722213,279.3665521,0.999997616
360.8318615,278.940439,0.999997497
360.2322681,279.6374776,0.999997437
360.2154622,279.6243994,0.999997497
360.4281719,279.8099041,0.999997377
360.63585,279.9040434,0.999997318
360.8794324,280.3562369,0.999996185
360.6435657,280.1572213,0.999996662
360.7501044,280.1233397,0.999994874
360.8225996,279.9906292,0.999995112
361.0673046,280.0938754,0.999995947
361.0105157,280.0722942,0.999995947
361.1178131,279.8594224,0.999996841
361.1510897,279.804023,0.999996841
360.8279519,279.2433426,0.999997497
360.8576458,279.2511096,0.999997497
360.9256907,279.5943282,0.999996901
361.0654831,279.2286599,0.999998331
361.0419559,279.1697576,0.99999851
361.0468397,278.8952579,0.999998331
360.8973055,278.8813376,0.999998391
360.8843842,278.9905,0.99999845
361.2582254,278.8167171,0.999997616
361.2233448,278.8572664,0.999997973
361.3015127,278.9713256,0.999997377
361.4803009,279.0232224,0.999996781
361.159657,278.4676371,0.999997735
361.1291666,278.3958807,0.999997854
360.2559175,278.2162018,0.999998987
360.2669759,278.2306898,0.999998927
354.3548198,273.5770564,0.999999642
354.4018713,273.5337908,0.999999702
347.1516732,270.3114328,0.999995112
347.152836,270.0681248,0.999992847
344.1766047,269.0226338,0.999998689
344.1211348,268.926248,0.999998808
338.0589075,266.328765,0.999999583
338.1024858,265.8538444,0.999999583
325.5747597,261.208081,0.999999404
325.5295112,261.0737092,0.999999344
325.5400381,261.0638899,0.999999285
290.4626995,225.6319048,0.999857187
290.43489,225.6964617,0.99987042
256.0055785,175.364233,0.92301929
203.9190213,104.8790061,0.992219448
204.6008617,105.1764524,0.983701587
144.370682,39.06202745,0.999727666
144.7648571,39.49549532,0.999690175
356.2844206,276.6950507,5.04E-05
356.3018187,276.6841496,5.17E-05
356.2956469,276.6865004,6.05E-05
356.2401571,276.6814348,5.66E-05
0.29199481,2.438247919,6.02E-05
0.159128189,2.220492482,6.38E-05
356.3409388,276.7114297,5.27E-05
356.339039,276.7151395,5.02E-05
362.005331,281.8459558,0.999993682
361.8000045,281.7707183,0.999994576
361.7736773,281.8327053,0.999994874
361.8755145,281.9321277,0.999994397
361.646008,281.9846377,0.999995351
361.8702402,281.9655919,0.999994636
361.8147388,281.8761456,0.999994814
361.7839179,281.9707775,0.999994755
361.8138933,281.9838393,0.999994755
361.9899902,281.8899758,0.99999404
363.8900298,281.9279318,0.999994397
363.7761864,281.1379576,0.999997199
367.7277808,281.5533044,0.999999523
367.7515097,281.4599805,0.999999464
372.3135684,282.1751919,0.999999523
372.4879939,281.9942918,0.999999523
373.2454785,282.3227365,0.999999523
373.1741035,282.2617317,0.999999464
373.5689961,282.53319,0.999999464
373.3386632,282.4209086,0.999999464
372.1214126,282.2066358,0.999999702
371.5713957,282.3266981,0.999999702
369.7316375,281.9179707,0.999999583
369.2387793,281.7544107,0.999999464
368.1796002,281.9810827,0.999999225
367.5281606,282.228213,0.999998927
367.1879606,282.6018448,0.999999046
367.2070432,282.6685294,0.999999046
367.3105068,282.5641789,0.999999166
365.7675548,282.2809876,0.999997258
365.795877,282.1786761,0.999997497
364.8977364,280.5307426,0.99999845
364.5362788,281.0672932,0.999997616
364.499737,281.2612338,0.99999702
364.6153956,281.2858276,0.999996901
364.6422712,281.1266117,0.999997377
364.6947027,280.9443483,0.999997437
364.8354011,280.9405913,0.999997258
364.7121966,280.4548254,0.999998271
364.7919596,280.5708323,0.999998331
364.7596515,280.0140553,0.999998689
364.7697631,280.0015545,0.999998689
363.9804791,278.1201596,0.999999523
364.0329911,278.1484215,0.999999464
363.453014,277.2925845,0.999999523
363.4589806,277.2689065,0.999999523
353.4899173,271.6277485,0.999998927
353.2761409,271.9262962,0.999999046
348.1742503,270.0360298,0.999993801
347.7237202,269.6363792,0.999992788
343.5404947,268.3395324,0.999997854
343.5217822,268.3451663,0.999997795
334.3100572,265.0844731,0.999995947
334.3650932,265.0911438,0.999996185
334.38908,265.0975468,0.999996185
326.6344717,264.3961468,0.999999046
290.0617484,229.3885584,0.999991536
290.0251487,229.3856946,0.999991298
268.2113565,190.7887349,0.999990284
268.2168417,190.8760457,0.999990821
242.3128884,138.0226209,0.999988317
242.9303492,137.6794653,0.999976754
186.1612337,66.34057772,0.999852717
186.1140774,66.06450212,0.999494791
118.5433533,1.841633797,0.00158301
119.1465704,2.351448536,0.002634823
1.497874975,2.001376033,9.29E-05
1.360552549,2.096796751,0.000107974
-0.39874506,1.429264784,0.000208467
-0.357935429,1.236811876,0.000198722
356.6742847,276.683136,4.24E-05
356.6653048,276.6356696,4.06E-05
356.6651785,276.702008,4.15E-05
356.6957446,276.6942312,4.12E-05
356.7148476,276.7582726,4.74E-05
356.7436019,276.6678483,4.95E-05
356.7189149,276.7156404,5.16E-05
356.7101817,276.7256891,5.04E-05
356.7433165,276.8228368,5.17E-05
356.7360076,276.7720204,5.12E-05
356.7110413,276.7525303,5.17E-05
356.7079688,276.8569334,4.87E-05
422.8431315,286.2762439,0.999992371
401.6719131,285.2486928,0.999997795
385.5136595,285.0405819,0.999999046
385.5395472,285.0836396,0.999999046
378.4566598,283.9922879,0.999992371
377.3998494,284.213833,0.999996781
376.1789594,283.8411952,0.999997973
376.1339345,283.6502281,0.999998033
376.0497112,283.9068645,0.999997973
376.0376382,283.8835022,0.999997854
375.9599879,284.1150097,0.999997973
375.7034814,283.941739,0.999997973
375.4748406,283.9110643,0.999998093
375.4034753,284.062765,0.999998331
371.8023242,283.6233926,0.999998808
371.3008044,283.1980607,0.999999285
368.4780006,282.7619551,0.999998927
368.054806,282.6352878,0.999998689
367.8952718,282.5211396,0.999998808
367.9704432,282.4980869,0.999998748
367.8150663,282.47104,0.999998808
367.6763844,282.5737582,0.999998689
367.3496094,282.8428916,0.999998569
367.4690609,282.7523487,0.999998569
367.7509055,282.9086791,0.999998569
367.5464382,282.9907328,0.999998569
367.5297189,282.9248726,0.999998569
367.5202999,283.000612,0.999998569
367.8723488,282.7489066,0.999998212
367.6089363,282.7865199,0.999998212
367.7733755,282.8632387,0.999998212
367.7297568,282.8583177,0.999998152
368.1416698,282.9742532,0.999998331
368.1051691,282.95752,0.999998212
368.3265874,283.3313428,0.999997497
368.2867074,283.353375,0.999997497
368.3363783,283.0784406,0.999998331
368.5601673,283.0885924,0.999997973
368.5914166,282.8369454,0.999998569
368.3976865,283.0278115,0.99999845
368.2271495,283.3702391,0.999998391
368.2281289,283.5025661,0.999998331
368.1207473,283.3101373,0.999997973
368.0864987,283.318685,0.999997973
368.1336775,283.2378775,0.999997973
368.0075982,283.3085304,0.999997973
367.9100361,283.2436035,0.999997795
367.9378638,283.2628211,0.999997735
367.8213167,283.1258973,0.999997854
367.7705235,283.2645779,0.999997616
367.8949714,283.1354222,0.999997497
367.7941475,282.7962925,0.999998331
368.2657933,282.3755212,0.999998689
368.2673047,282.3947409,0.999998808
368.3976772,283.4587672,0.999997914
368.4861293,283.4829876,0.999998271
368.4438899,284.2201511,0.999997914
368.3101456,284.2464156,0.999997616
368.2040679,284.3492134,0.999997735
367.7887983,284.4067233,0.99999702
367.5821538,284.7103573,0.999996901
367.9107714,284.4966403,0.999997616
367.6980834,284.6067115,0.999997616
367.6470203,284.4351884,0.999997258
368.4221294,284.045194,0.999998331
368.3119304,284.1150087,0.999998212
368.0121517,283.9404358,0.999996901
367.872972,283.9984165,0.999996543
368.1412752,283.0807346,0.999996901
368.1670058,283.0634905,0.999996901
368.084156,282.9842012,0.99999702
367.5932431,282.2778648,0.999997377
367.5455327,282.2547045,0.999997377
367.4534206,282.3860673,0.999998152
367.4400659,282.5979279,0.999998271
367.4108634,282.3383719,0.999998093
367.3144469,282.6007153,0.99999845
367.1872525,282.5898013,0.999998331
367.1023188,282.4235722,0.999997616
366.9978423,281.8859739,0.999997258
366.7920423,283.4718778,0.999995828
366.9621863,283.6481622,0.999996603
366.5822639,284.2041323,0.999995887
366.5082893,283.6958953,0.999995947
365.9725394,284.0001151,0.999995112
366.0807261,283.9824304,0.999995291
363.5965632,282.0197034,0.999992967
363.3687898,282.1008801,0.99999249
353.9268715,277.5760894,0.999999285
353.9366934,277.5578872,0.999999285
342.4888,274.5843056,0.999999106
342.4207602,274.5492197,0.999999166
324.0162762,264.7704592,0.999998927
324.4244875,264.8614368,0.999998689
324.4374383,264.7967143,0.999998808
317.0486776,259.0853782,0.999998689
317.1488943,259.1983726,0.999998629
312.7193923,256.7224801,0.999994874
312.704469,256.4469886,0.999993742
299.4742506,238.8814626,0.999996424
287.3890071,204.4418104,0.99999702
287.1935711,204.3778367,0.999996781
263.4507556,164.2961001,0.999999702
263.6098204,164.1745244,0.999999642
235.0143401,119.6824117,0.999993265
233.7591863,119.3872833,0.999997139
202.8909371,76.33411261,0.997596741
202.9113538,76.39960891,0.997535408
356.7577573,276.4526669,0.000130296
118.8017213,148.6175389,0.000131488
356.5353116,276.2358099,0.00011462
356.6054971,276.3033503,0.000113368
356.649482,276.3290338,0.000125617
356.6252449,276.2473444,0.000110567
0.673985958,1.729216576,0.00025478
0.457121134,1.961852789,0.000231922
-0.019752502,2.076126814,0.000251472
-0.041451931,2.071290612,0.000260502
-0.042601109,2.078711271,0.000265241
356.5788041,276.4295107,0.000137597
356.6709401,276.3951076,0.00011009
356.5786519,276.3865998,0.000130683
356.553582,276.3603072,0.000136465
356.6961215,276.3630794,0.000123739
356.5296338,276.2579012,0.000130326
356.5713094,276.2982255,0.000128329
356.5211973,276.3009952,0.000104368
356.4471842,276.2740507,0.000144184
345.6698766,284.4414878,0.999996305
345.0937572,284.8141263,0.999997377
345.1254725,284.8042783,0.999997377
345.1524739,284.5921975,0.999997497
341.7238336,284.6333356,0.999999583
341.7045243,284.6334925,0.999999583
338.5539652,285.2440332,0.999999821
338.450578,285.3602931,0.999999881
335.3740735,285.0598201,0.999999225
332.8461584,285.2475095,0.999997258
332.6146444,285.1057897,0.999997079
332.3365477,285.3301535,0.999997497
332.2982712,285.2230592,0.999997318
331.9629447,285.1624894,0.999996901
331.9833308,285.1343956,0.99999702
331.8276301,284.8847709,0.999996305
331.7970789,285.0706139,0.999996781
331.6536922,284.8443227,0.999996066
331.7600339,284.9431033,0.999996305
331.742111,284.7721944,0.999995589
331.9744162,285.1204591,0.999996305
331.7666679,285.0929813,0.999996662
331.8575421,284.7351832,0.999995768
332.1547943,285.3159456,0.999995232
332.4136963,285.3929739,0.999995828
332.4223074,285.6932788,0.999994099
332.4093254,285.594594,0.99999392
332.4627575,285.6448226,0.999994159
333.0003006,285.7791266,0.99999404
332.9946473,285.6996212,0.99999392
333.752305,285.1039451,0.999988437
333.7164364,285.0932164,0.999988317
333.1235452,284.9383089,0.999987304
333.5819974,284.6964689,0.999992847
333.699861,284.7570535,0.999993801
333.5970273,284.995519,0.999994159
333.6822572,284.9684733,0.999994457
333.9848285,285.4974315,0.999992907
333.8992767,285.5685271,0.999993384
334.1006546,285.551989,0.99999404
334.1305766,285.5890802,0.999994397
334.3467436,285.9198214,0.999994755
334.2084942,285.8977708,0.999994278
333.5957395,286.4392672,0.999996245
333.5601318,286.1599636,0.999994814
333.3529041,286.0114489,0.999996305
333.3597033,286.0606933,0.999996305
333.3178284,285.3614359,0.999997497
333.2157207,285.3527083,0.999997318
332.4157971,285.1055908,0.999997199
332.4158917,285.0721555,0.999997139
332.4181575,285.0684681,0.999997139
330.2978463,284.2928831,0.999996603
330.2763591,284.1735902,0.999996305
326.6237795,277.2593005,0.999999762
326.6714864,277.1917942,0.999999702
300.0432253,261.8522854,0.999994993
287.4690022,253.0342255,0.999956727
287.4269409,253.1321321,0.999965668
277.465006,226.4733189,1.48E-05
277.4710927,226.409096,2.42E-05
340.33992,276.8185132,2.56E-05
340.3293417,276.8009393,2.93E-05
324.7874916,276.5049342,4.21E-05
324.8475564,276.3347293,2.99E-05
340.833495,276.6071293,5.19E-05
340.8161284,276.6803185,4.60E-05
0.508992434,1.551356316,0.000215828
0.547454596,1.59030056,0.000248402
340.9609239,276.3212458,7.81E-05
340.9584294,276.4887963,8.06E-05
340.9145744,276.5367239,8.94E-05
341.0053991,276.4770562,8.67E-05
340.9447277,276.3992485,7.55E-05
340.9909018,276.5244053,7.49E-05
341.0410656,276.4551111,7.20E-05
341.0918541,276.130357,6.87E-05
356.6580709,276.3276553,3.25E-05
356.6017094,276.2951478,3.05E-05
356.737555,276.2442635,3.11E-05
357.2276427,275.7530572,2.89E-05
357.2551237,275.7633804,2.40E-05
357.3014673,275.9400985,3.48E-05
404.0199726,280.3741426,0.999999464
403.872325,280.2343178,0.999999523
398.7807894,280.7216368,0.999999285
398.8459091,280.6481996,0.999999285
394.9589592,280.5254359,0.999994636
394.6445152,280.5917816,0.999993801
387.0142418,280.5455852,0.999999523
386.6285192,281.0622423,0.999999642
386.6298449,281.1053121,0.999999642
378.4761311,280.2620077,0.999998808
378.510869,280.2654042,0.999998808
370.0838991,279.4255183,0.999999762
361.8384092,279.1443019,0.999998748
361.9676108,279.0447779,0.999998987
354.2501514,279.1817663,0.999999762
354.2704486,279.0005436,0.999999762
347.5776042,278.7497089,0.999999404
347.4058728,278.7633634,0.999999404
345.0094957,279.178766,0.999998987
344.3993721,279.0637639,0.999999046
343.7238927,279.1906092,0.999999225
343.9136813,279.1600676,0.999999166
344.0152111,279.2108037,0.999999106
343.7799213,279.2485626,0.999999166
343.8957012,279.2865679,0.999999166
343.8459399,279.202677,0.999999106
343.921432,279.250936,0.999999046
343.9598434,279.3853056,0.999998987
344.296999,279.5050862,0.999998808
344.2828751,279.374171,0.999998868
344.4232087,279.505291,0.99999845
344.3724937,279.5970728,0.99999845
344.6712465,279.5555489,0.999998331
344.6099677,279.4920518,0.999998689
344.6737223,279.4814436,0.999998689
345.0633955,279.6041298,0.999998987
345.0017247,279.5890813,0.999998927
345.0234389,279.720052,0.999998271
344.6556721,279.3031583,0.999998689
344.5723715,279.0965407,0.999998808
344.8085828,279.2757497,0.999998629
344.8410168,279.2446756,0.999998569
344.9732552,278.9450362,0.999998689
344.9041581,278.8976374,0.999998689
344.6308641,279.2229879,0.999998987
344.9571061,279.1151791,0.999998927
344.5381055,279.0483227,0.999999046
344.5082769,279.1172645,0.999999046
344.3356924,278.9560392,0.999999166
344.366313,279.1017196,0.999999046
344.0199442,278.7428172,0.999999166
344.133306,278.6797817,0.999999166
344.4869399,278.7306144,0.999999046
344.4617615,278.6097124,0.999999166
344.050118,278.6486127,0.999999225
343.9988909,278.5079017,0.999999166
344.1562328,278.6212471,0.999999225
343.5232928,277.2034973,0.999999583
343.3505893,277.4119759,0.999999642
342.0681298,274.8706502,0.999999881
341.8221099,274.5216315,0.999999881
340.0957653,267.607166,0.999999881
337.235976,261.8200713,0.999999881
337.2642472,261.8913071,0.999999821
329.5326838,252.1092629,0.99999553
329.4913235,252.1286668,0.99999547
318.2483263,235.2727689,0.999994755
318.2633114,235.2372103,0.999994874
302.596262,212.8359302,0.999990225
304.2464232,215.1957335,0.99999094
284.6202841,175.9930973,0.999987483
284.7108378,176.5047526,0.999987483
242.6267689,119.3044429,0.999994636
242.4821992,119.3521647,0.999994516
153.9064119,37.96361768,0.999961376
153.7181466,37.58321834,0.99995333
341.5609747,276.6229021,0.00019905
341.5295545,276.6075812,0.000177473
341.5346947,276.6876745,0.00016734
341.5189297,276.6785154,0.000167817
341.5673665,276.6716927,0.00018087
341.4714673,276.7068782,0.000189424
341.5457442,276.7042895,0.000200391
341.5146645,276.7238284,0.000200421
341.44196,276.8641407,0.000276357
341.3773466,276.7424828,0.000227511
341.3750685,276.9066494,0.000330597
341.4690619,276.8027093,0.000302702
341.5190967,276.8133495,0.00045225
341.2914419,276.6093826,0.000253737
341.2885878,276.876348,0.000139266
341.323591,276.8247295,0.000189811
341.3025227,276.9361422,0.000254035
341.3407756,276.7796907,0.000155985
341.3405267,276.7618083,0.000154585
341.3696492,276.7139937,0.000168115
341.4520267,276.7672128,0.00015229
415.6346626,283.3190722,0.999999285
403.4181471,283.5870475,0.999999642
403.4562187,283.6492693,0.999999642
391.8634195,284.1143139,0.99999845
391.5667982,284.0983755,0.99999845
381.5505099,283.1026181,0.999997675
381.4545388,283.1471103,0.999997556
371.0343866,281.7958543,0.999999702
371.0215367,281.7967665,0.999999702
362.9516649,281.7145729,0.999995828
362.4450316,281.3108087,0.999996901
361.9422491,281.4504766,0.999996364
360.677587,282.3023677,0.999997377
360.5574136,282.4737228,0.999998152
360.538558,282.6354576,0.999998093
360.2330289,282.5054876,0.999998093
360.2441201,282.3827424,0.999998152
360.1870952,282.4253958,0.999998093
360.1615777,282.5932611,0.999998152
360.1767192,282.5072147,0.999998152
360.2264423,282.6038043,0.999998152
360.0625396,282.611531,0.999998212
360.0081334,282.7115052,0.999998331
360.0481076,282.6610223,0.999998271
360.2052269,282.7334692,0.999998212
360.0513606,282.7093227,0.999998212
360.0157652,282.7178097,0.999998212
359.8225834,282.8824733,0.999998212
359.8745627,282.5143296,0.999998093
359.8304808,282.4989405,0.999998212
359.9369564,282.5250796,0.999998152
360.1433177,282.7068093,0.999998331
360.0188999,282.4725204,0.999998271
360.2163877,282.7577367,0.999998152
360.2264071,282.7706478,0.999998093
360.2544179,282.810635,0.999998152
360.3349037,282.8955067,0.999997973
360.3528895,282.9370569,0.999997854
360.5287457,282.6692659,0.999997675
360.466578,283.0704522,0.999997735
360.2330132,283.2671109,0.999997616
360.0102015,283.4500319,0.99999845
359.8050978,283.1619715,0.999998331
359.978524,283.2599859,0.99999845
359.99352,283.1888048,0.99999845
359.0864739,282.439437,0.999998808
359.1390529,282.4153582,0.999998808
359.0760174,282.9188473,0.999998629
359.0984201,283.0516639,0.999998569
358.8669958,283.1487493,0.999999046
358.7607141,283.6822155,0.999999046
359.5327237,283.5139334,0.999998689
359.4190385,283.4567982,0.999998808
359.4020512,282.4245741,0.999998748
359.3484066,282.3977106,0.999998748
356.7320386,280.1062322,0.999999404
356.5689626,280.0371056,0.999999285
353.0417933,278.5416379,0.999999642
352.9320335,278.6441667,0.999999523
352.3273525,278.4183023,0.999999285
351.8110452,278.1355939,0.999999166
351.6192856,278.0506968,0.999999046
345.4359455,274.5761061,0.999999285
345.494915,274.5618687,0.999999285
342.0502808,271.7229638,0.999999464
336.2434244,267.9604092,0.999999583
336.1813645,268.0243042,0.999999642
331.898993,266.1580124,0.99999392
331.8784845,266.1376886,0.999993682
324.7516759,263.0871994,0.999999702
324.738268,263.0786078,0.999999762
312.2577124,247.4213696,0.999991238
312.1774116,247.3697324,0.999991775
305.6027999,245.6895039,0.999998152
305.5390933,245.7048969,0.999998152
294.7950046,228.1467071,0.999996543
294.7210479,228.4141306,0.999996543
272.2552359,184.7396474,0.999985337
272.1718922,184.8649349,0.999986053
220.1171242,118.6584146,0.999957323
220.1515588,118.7887764,0.999966145
150.2674344,55.37533355,0.999758005
150.1295538,55.07965302,0.999868035
150.3801675,55.37107158,0.999830961
357.0621419,276.5802915,8.14E-05
357.0696434,276.6057143,0.00010097
1.558285475,1.074024677,0.00019154
1.547149181,1.34000206,0.000170857
0.035452843,1.022477865,0.000334173
356.9338733,276.7419782,0.000122786
357.0277526,276.6479985,0.00013712
357.0605888,276.7801248,0.000216305
357.0347011,276.7791691,0.000326663
356.9927582,276.8500341,0.00029546
357.0373181,276.821943,0.000297248
357.0689882,276.8674377,0.000305831
357.0275445,276.7603993,0.000406623
356.9699908,276.7445663,0.00027141
356.9688096,276.7706648,0.000284672
357.0057217,276.6711416,0.000253916
357.0101105,276.6661889,0.000176013
356.9941548,276.7258075,0.000181109
357.0316603,276.6403084,0.000173986
356.9878451,276.6231014,0.000157654
356.9598604,276.5906854,0.000195175
356.9391325,276.6815473,0.000157207
381.7620773,285.0758052,0.999995351
369.9429283,283.4700254,0.999999762
369.7673337,283.3739269,0.999999702
360.8322759,283.5575397,0.999998093
360.9128547,283.4275147,0.999997854
360.6953945,283.5638429,0.999998331
353.5550792,284.0244624,0.999999523
353.5325148,284.1481728,0.999999523
349.2198024,283.9752457,0.999993443
346.3657861,283.1166878,0.99999243
346.5212159,283.1825767,0.99999392
345.1509743,283.3138771,0.999997139
344.7266183,283.1228759,0.999997616
343.830085,283.0783228,0.999998212
343.7976165,283.2377542,0.99999845
343.8563325,283.1301027,0.99999845
343.5122159,283.2440327,0.999998689
343.4211032,283.3144191,0.999998808
343.2479486,283.3140053,0.999998927
343.4057815,283.3655462,0.999998868
343.1834023,283.5291175,0.999999046
343.5450251,283.5591526,0.999998927
343.5232801,283.655609,0.999998987
343.9948292,283.7783895,0.999998748
343.9185994,283.9344635,0.999998808
343.9608891,284.1793417,0.999997795
343.9425852,284.1483762,0.999997973
344.0041304,284.0595797,0.999997735
344.1950703,284.0714086,0.999997497
344.0966702,283.8855126,0.999997675
344.0524635,283.9990523,0.999998212
344.0477505,283.8879948,0.999998152
343.8012333,283.3036227,0.999998689
344.0536966,283.3596873,0.999998569
344.157856,283.3620768,0.999998569
343.7649717,283.9868265,0.999998689
343.8400021,283.9595141,0.999998629
343.8840888,284.1043019,0.999998271
343.9578452,284.0756845,0.99999851
344.2186847,284.4126273,0.999998569
344.3026934,284.4579373,0.999998569
344.7040048,283.3286836,0.999997735
344.6951184,283.17642,0.999997854
344.5795288,282.1860543,0.999998152
344.5726061,281.9331222,0.999998033
342.3754644,279.4439559,0.999999762
342.2608688,279.3689315,0.999999762
330.6207819,271.6472626,0.999991417
330.7248501,271.4332466,0.999988437
325.7528298,271.2124505,0.999994278
325.3021806,271.7552576,0.999989331
320.1172531,268.3356184,0.999994636
320.1931384,268.4344054,0.999994993
320.2440922,268.3610483,0.999994993
297.1002192,240.0909648,0.975246787
297.1884875,240.2851214,0.941421092
341.1292164,276.8090073,9.41E-05
340.8679994,276.4107165,0.000248909
340.8525134,276.372931,0.000256181
340.8464813,276.1968697,0.000320226
340.7656116,276.1503865,0.000193983
340.821526,276.1907287,0.000240982
340.8086321,276.263509,0.000190288
340.9027067,276.1830142,0.000223517
340.8970435,276.28811,0.000244975
340.8823975,276.2193473,0.000240952
348.5178928,284.4586114,0.000229865
340.8385535,276.1818516,0.000300556
340.7410778,276.1863472,0.000238597
340.8229855,276.215831,0.0003708
340.827239,276.3009413,0.000298589
340.8333766,276.3053342,0.000288576
340.824025,276.3202144,0.000213951
340.8427546,276.3701121,0.000324309
340.8188391,276.4286091,0.000243396
348.5957924,284.6092814,0.000249058
348.6269898,284.5857323,0.000194103
348.6496598,284.5624038,0.000215948
